Parent,Child
[I0002],[I0003]
[I0002],[I0004]
[I0002],[I0005]
[I0002],[I0006]
[I0002],[I0007]
[I0002],[I0008]
[I0002],[I0009]
[I0002],[I0010]
[I0002],[I0011]
[I0004],[I0013]
[I0004],[I0014]
[I0004],[I0015]
[I0004],[I0016]
[I0004],[I0017]
[I0004],[I0018]
[I0020],[I0021]
[I0020],[I0077]
[I0020],[I0072]
[I0020],[I0073]
[I0020],[I0074]
[I0020],[I0075]
[I0020],[I0076]
[I0020],[I0078]
[I0037],[I0046]
[I0037],[I0047]
[I0037],[I0048]
[I0037],[I0049]
[I0037],[I0050]
[I0010],[I0024]
[I0010],[I0129]
[I0025],[I0026]
[I0025],[I0027]
[I0025],[I0028]
[I0025],[I0029]
[I0014],[I0031]
[I0014],[I0032]
[I0014],[I0033]
[I0014],[I0034]
[I0014],[I0035]
[I0014],[I0036]
[I0022],[I0038]
[I0022],[I0084]
[I0022],[I0079]
[I0022],[I0083]
[I0022],[I0086]
[I0022],[I0039]
[I0022],[I0085]
[I0040],[I0037]
[I0040],[I1568]
[I0040],[I0153]
[I0040],[I0154]
[I0040],[I0155]
[I0040],[I0156]
[I0042],[I0044]
[I0042],[I0353]
[I0042],[I2665]
[I0042],[I2666]
[I0044],[I0491]
[I0044],[I0492]
[I0044],[I0040]
[I0044],[I0149]
[I0044],[I0150]
[I0044],[I0094]
[I0044],[I0151]
[I0044],[I0152]
[I0032],[I0052]
[I0032],[I0053]
[I0054],[I0055]
[I0054],[I0056]
[I0057],[I0058]
[I0057],[I0059]
[I0057],[I0060]
[I0057],[I0061]
[I0062],[I0063]
[I0062],[I0064]
[I0058],[I0115]
[I0058],[I0116]
[I0035],[I0067]
[I0035],[I0106]
[I0035],[I0107]
[I0068],[I0244]
[I0068],[I0291]
[I0034],[I0087]
[I0034],[I0088]
[I0071],[I0450]
[I0072],[I0080]
[I0072],[I0081]
[I0072],[I0082]
[I0088],[I0090]
[I0088],[I0317]
[I0088],[I0318]
[I0006],[I0095]
[I0006],[I0096]
[I0006],[I0097]
[I0006],[I0098]
[I0006],[I0099]
[I0100],[I0101]
[I0100],[I0238]
[I0100],[I0102]
[I0100],[I0103]
[I0104],[I0147]
[I0104],[I0148]
[I0104],[I0463]
[I0104],[I0476]
[I0104],[I0057]
[I0105],[I0125]
[I0105],[I0952]
[I0108],[I0109]
[I0108],[I0110]
[I0067],[I0112]
[I0067],[I0113]
[I0067],[I0114]
[I0117],[I0310]
[I0117],[I0311]
[I0117],[I0312]
[I0117],[I0118]
[I0117],[I0313]
[I0009],[I0121]
[I0009],[I0122]
[I0009],[I0123]
[I0124],[I0445]
[I0124],[I1059]
[I0124],[I0447]
[I0124],[I0448]
[I0124],[I0449]
[I0122],[I2155]
[I0126],[I1706]
[I0280],[I0287]
[I0280],[I0288]
[I0280],[I0289]
[I0130],[I0141]
[I0130],[I0202]
[I0130],[I0203]
[I0130],[I0204]
[I0130],[I0133]
[I0130],[I0209]
[I0130],[I0210]
[I0130],[I0212]
[I0130],[I0213]
[I0130],[I0132]
[I0130],[I0214]
[I0130],[I0215]
[I0130],[I0216]
[I0130],[I0217]
[I0130],[I0218]
[I0132],[I0262]
[I0132],[I0135]
[I0132],[I0136]
[I0137],[I0030]
[I0137],[I0278]
[I0137],[I0279]
[I0137],[I0280]
[I0133],[I0001]
[I0139],[I1737]
[I0139],[I0002]
[I0141],[I0144]
[I0145],[I0173]
[I0145],[I0174]
[I0145],[I0175]
[I0145],[I0176]
[I0145],[I0177]
[I0145],[I0178]
[I0145],[I0179]
[I0145],[I0180]
[I0145],[I0051]
[I0145],[I0181]
[I0149],[I0158]
[I0149],[I0159]
[I0149],[I0160]
[I0149],[I1362]
[I0152],[I1355]
[I0152],[I0164]
[I2675],[I0166]
[I2675],[I1562]
[I2675],[I1563]
[I2675],[I1564]
[I2675],[I1565]
[I2675],[I1566]
[I2675],[I1567]
[I0060],[I0827]
[I0060],[I2958]
[I0169],[I0822]
[I0169],[I0168]
[I0171],[I0070]
[I0182],[I0145]
[I0184],[I0186]
[I0184],[I0182]
[I0187],[I0189]
[I0187],[I0184]
[I0176],[I1962]
[I0176],[I1963]
[I0019],[I0023]
[I0019],[I0656]
[I0199],[I0120]
[I0207],[I0146]
[I0203],[I0220]
[I0203],[I0221]
[I0203],[I0222]
[I0203],[I0223]
[I0225],[I0604]
[I0225],[I0012]
[I0225],[I0227]
[I0225],[I0041]
[I0225],[I0254]
[I0225],[I1663]
[I0227],[I0405]
[I0227],[I0466]
[I0227],[I0163]
[I0227],[I0229]
[I0227],[I2673]
[I0227],[I0104]
[I0227],[I0465]
[I0227],[I0467]
[I0229],[I0066]
[I0229],[I0236]
[I0229],[I0237]
[I0229],[I2964]
[I0229],[I2967]
[I0239],[I0240]
[I0239],[I0241]
[I0239],[I1712]
[I0239],[I0065]
[I0239],[I0242]
[I0246],[I0556]
[I0212],[I0249]
[I0249],[I0251]
[I0249],[I0252]
[I0249],[I0253]
[I0251],[I0255]
[I0251],[I0256]
[I0251],[I0257]
[I0251],[I0258]
[I0251],[I0259]
[I0251],[I0552]
[I0262],[I0264]
[I0262],[I0265]
[I0262],[I0266]
[I0264],[I0268]
[I0264],[I0269]
[I0264],[I0270]
[I0271],[I0272]
[I0272],[I0274]
[I0272],[I0275]
[I0272],[I0276]
[I0272],[I0277]
[I0278],[I0282]
[I0278],[I0283]
[I0278],[I0284]
[I0278],[I0285]
[I0286],[I1229]
[I0286],[I1256]
[I0286],[I1257]
[I0286],[I1258]
[I0244],[I0293]
[I0244],[I0294]
[I0244],[I0295]
[I0291],[I0297]
[I0298],[I0226]
[I0298],[I0300]
[I0301],[I0298]
[I0301],[I0134]
[I0303],[I0305]
[I0303],[I0137]
[I0303],[I0306]
[I0307],[I0308]
[I0309],[I0438]
[I0309],[I0437]
[I0309],[I0436]
[I0309],[I1096]
[I0309],[I1097]
[I0309],[I1098]
[I0244],[I0315]
[I0291],[I0982]
[I0107],[I0320]
[I0107],[I0801]
[I0321],[I0323]
[I0321],[I0324]
[I0321],[I0325]
[I0321],[I0326]
[I0321],[I0327]
[I0321],[I0328]
[I0321],[I0329]
[I0321],[I0330]
[I0321],[I0331]
[I0323],[I0333]
[I0323],[I0130]
[I0323],[I0334]
[I0323],[I0335]
[I0323],[I0336]
[I0323],[I0337]
[I0323],[I0338]
[I0323],[I0339]
[I0323],[I0340]
[I0341],[I0321]
[I0341],[I0343]
[I0344],[I1637]
[I0344],[I1638]
[I0344],[I1639]
[I0344],[I0764]
[I0344],[I1640]
[I0345],[I0225]
[I0347],[I0224]
[I0347],[I0100]
[I0347],[I0486]
[I0347],[I0025]
[I0347],[I0487]
[I0349],[I0493]
[I0349],[I0357]
[I0349],[I0347]
[I0349],[I0045]
[I0351],[I0348]
[I0353],[I0165]
[I0353],[I0228]
[I0353],[I2671]
[I0353],[I2677]
[I0355],[I0354]
[I0357],[I0022]
[I0357],[I0497]
[I0357],[I0498]
[I0357],[I0499]
[I0360],[I0207]
[I0362],[I0208]
[I0364],[I0183]
[I0366],[I0239]
[I0368],[I0093]
[I0370],[I0368]
[I0372],[I0371]
[I0374],[I0373]
[I0376],[I0372]
[I0378],[I0370]
[I0380],[I0379]
[I0382],[I0378]
[I0384],[I0367]
[I0384],[I1713]
[I0384],[I1714]
[I0386],[I0384]
[I0388],[I0385]
[I0390],[I0369]
[I0392],[I0390]
[I0394],[I0391]
[I0396],[I1733]
[I0396],[I0366]
[I0396],[I1734]
[I0398],[I0396]
[I0400],[I0397]
[I0021],[I0420]
[I0021],[I0421]
[I0021],[I0422]
[I0021],[I0423]
[I0021],[I0424]
[I0021],[I0425]
[I0021],[I0426]
[I0405],[I0439]
[I0405],[I0234]
[I0405],[I0233]
[I0405],[I0232]
[I0405],[I0231]
[I0405],[I0230]
[I0026],[I0509]
[I0409],[I0430]
[I0409],[I0591]
[I0409],[I0433]
[I0409],[I2642]
[I0409],[I0431]
[I0409],[I0432]
[I0409],[I2643]
[I0162],[I0511]
[I0162],[I0411]
[I0162],[I0412]
[I0162],[I0043]
[I0162],[I0413]
[I0162],[I0414]
[I0162],[I2654]
[I0162],[I0416]
[I0162],[I1029]
[I0162],[I0418]
[I0412],[I0428]
[I0412],[I0020]
[I0432],[I0592]
[I0432],[I0435]
[I0432],[I0593]
[I0432],[I0594]
[I0440],[I0475]
[I0440],[I0874]
[I0440],[I0875]
[I0435],[I0442]
[I0435],[I0443]
[I0435],[I0444]
[I0450],[I0958]
[I0450],[I0959]
[I0450],[I0452]
[I0452],[I0454]
[I0452],[I0455]
[I0456],[I0124]
[I0456],[I1408]
[I0456],[I0446]
[I0458],[I0456]
[I0458],[I2770]
[I0458],[I0597]
[I0458],[I2771]
[I0083],[I0461]
[I0083],[I0462]
[I0461],[I2629]
[I0461],[I2630]
[I0461],[I2631]
[I0438],[I0468]
[I0468],[I0972]
[I0468],[I0973]
[I0468],[I0974]
[I0468],[I0975]
[I0468],[I0976]
[I0232],[I0441]
[I0232],[I0471]
[I0232],[I1064]
[I0471],[I0609]
[I0471],[I1060]
[I0471],[I1061]
[I0471],[I1062]
[I0471],[I1063]
[I0234],[I0474]
[I0475],[I0877]
[I0477],[I0478]
[I0479],[I0480]
[I0482],[I0483]
[I0484],[I0303]
[I0484],[I0595]
[I0484],[I0356]
[I0103],[I0500]
[I0103],[I0501]
[I0102],[I0503]
[I0102],[I0504]
[I0505],[I0506]
[I0507],[I0508]
[I0417],[I1704]
[I0515],[I1213]
[I0420],[I0519]
[I0420],[I0520]
[I0420],[I0521]
[I0420],[I0522]
[I0420],[I0523]
[I0420],[I0524]
[I0519],[I0526]
[I0519],[I0527]
[I0520],[I0921]
[I0520],[I0922]
[I0520],[I0923]
[I0520],[I0924]
[I0520],[I0925]
[I0520],[I0534]
[I0520],[I0535]
[I0521],[I0538]
[I0521],[I0539]
[I0522],[I0541]
[I0522],[I0542]
[I0522],[I0543]
[I0522],[I0544]
[I0522],[I0545]
[I0552],[I1030]
[I0552],[I1031]
[I0552],[I0470]
[I0552],[I1033]
[I0552],[I1034]
[I0552],[I1035]
[I0553],[I0555]
[I0553],[I0162]
[I0553],[I0557]
[I0553],[I0558]
[I0553],[I0559]
[I0553],[I0560]
[I0553],[I0561]
[I0553],[I0562]
[I0553],[I0563]
[I0565],[I0652]
[I0565],[I0653]
[I0565],[I1681]
[I0565],[I1682]
[I0568],[I0553]
[I0568],[I0570]
[I0568],[I0571]
[I0568],[I0572]
[I0574],[I0576]
[I0574],[I0485]
[I0576],[I0578]
[I0578],[I0580]
[I0578],[I0459]
[I0580],[I0582]
[I0582],[I0584]
[I0585],[I0586]
[I0158],[I0895]
[I0158],[I0528]
[I0158],[I0588]
[I0588],[I0899]
[I0597],[I2829]
[I0597],[I0451]
[I0597],[I0599]
[I0597],[I2738]
[I0600],[I1123]
[I0600],[I0601]
[I0600],[I1124]
[I0445],[I2526]
[I0445],[I2527]
[I0445],[I2528]
[I0445],[I2529]
[I0445],[I0603]
[I0604],[I0606]
[I0604],[I0071]
[I0604],[I2697]
[I0604],[I1664]
[I0604],[I0598]
[I0604],[I1665]
[I0604],[I1666]
[I0604],[I1667]
[I0606],[I0608]
[I0606],[I1671]
[I0603],[I2446]
[I0603],[I2447]
[I0603],[I2729]
[I0611],[I0613]
[I0611],[I0614]
[I0615],[I0616]
[I0616],[I0618]
[I0616],[I0619]
[I0620],[I0621]
[I0621],[I0623]
[I0623],[I0625]
[I0623],[I0626]
[I0625],[I0628]
[I0629],[I0630]
[I0631],[I0632]
[I0632],[I0634]
[I0635],[I0636]
[I0637],[I1154]
[I0637],[I1155]
[I0637],[I1156]
[I0637],[I1157]
[I0637],[I0638]
[I0637],[I1158]
[I0637],[I1159]
[I0639],[I0646]
[I0640],[I0643]
[I0643],[I0645]
[I0646],[I0640]
[I0646],[I0641]
[I0648],[I0649]
[I0618],[I0650]
[I0618],[I0575]
[I0650],[I2653]
[I0650],[I0565]
[I0650],[I2655]
[I0652],[I0655]
[I0652],[I1689]
[I0652],[I1690]
[I0652],[I1691]
[I0652],[I1692]
[I0655],[I0657]
[I0658],[I0659]
[I0660],[I0661]
[I0660],[I1204]
[I0660],[I1205]
[I0660],[I1206]
[I0613],[I0663]
[I0663],[I0665]
[I0666],[I0667]
[I0668],[I0669]
[I0669],[I0671]
[I0672],[I0673]
[I0673],[I0675]
[I0676],[I0677]
[I0678],[I0680]
[I0680],[I0682]
[I0683],[I2634]
[I0683],[I2635]
[I0683],[I0409]
[I0684],[I0685]
[I0686],[I0687]
[I0688],[I0689]
[I0689],[I1183]
[I0689],[I1184]
[I0689],[I0691]
[I0689],[I1185]
[I0692],[I0694]
[I0692],[I0695]
[I0692],[I0696]
[I0692],[I0697]
[I0692],[I0698]
[I0692],[I0699]
[I0692],[I0700]
[I0692],[I0701]
[I0692],[I0702]
[I0692],[I0703]
[I0692],[I0704]
[I0692],[I0705]
[I0706],[I0708]
[I0706],[I0709]
[I0706],[I0710]
[I0706],[I0693]
[I0706],[I0711]
[I0706],[I0712]
[I0706],[I0713]
[I0706],[I0714]
[I0706],[I0716]
[I0706],[I0717]
[I0706],[I0718]
[I0706],[I0719]
[I0706],[I0720]
[I0719],[I0722]
[I0719],[I0723]
[I0725],[I0727]
[I0725],[I0728]
[I0725],[I0729]
[I0725],[I0730]
[I0725],[I0731]
[I0725],[I0732]
[I0725],[I0733]
[I0725],[I0734]
[I0735],[I2114]
[I0735],[I0765]
[I0735],[I0766]
[I0735],[I0767]
[I0735],[I0768]
[I0735],[I2115]
[I0735],[I2116]
[I0735],[I2117]
[I0735],[I2118]
[I0735],[I2119]
[I0735],[I0736]
[I0758],[I0341]
[I0758],[I2123]
[I0758],[I2124]
[I0758],[I2125]
[I0758],[I2126]
[I0758],[I0770]
[I0758],[I0771]
[I0772],[I1177]
[I0772],[I1178]
[I0772],[I0761]
[I0737],[I0726]
[I0737],[I1627]
[I0737],[I2860]
[I0737],[I2861]
[I0737],[I2862]
[I0750],[I0757]
[I0730],[I0742]
[I0730],[I0743]
[I0730],[I0744]
[I0730],[I0706]
[I0730],[I0745]
[I0730],[I0746]
[I0730],[I0747]
[I0730],[I0748]
[I0730],[I0749]
[I0740],[I0529]
[I0740],[I0896]
[I0740],[I2913]
[I0740],[I0590]
[I0740],[I0739]
[I0751],[I0951]
[I0751],[I2128]
[I0753],[I0752]
[I0755],[I0715]
[I0759],[I0219]
[I0336],[I0290]
[I0336],[I2146]
[I0764],[I1617]
[I0764],[I1653]
[I0773],[I0775]
[I0773],[I0776]
[I0773],[I0828]
[I0773],[I0829]
[I0773],[I0830]
[I0773],[I0831]
[I0773],[I0832]
[I0777],[I0401]
[I0779],[I0399]
[I0781],[I0398]
[I0783],[I0400]
[I0785],[I0387]
[I0788],[I0386]
[I0789],[I0388]
[I0792],[I0389]
[I0793],[I0392]
[I0795],[I0393]
[I0797],[I0394]
[I0799],[I0395]
[I0803],[I0069]
[I2984],[I0243]
[I0807],[I0808]
[I0810],[I0807]
[I0811],[I0813]
[I0811],[I0169]
[I0814],[I0811]
[I0815],[I0814]
[I0816],[I0815]
[I0818],[I0816]
[I0819],[I0818]
[I0820],[I0170]
[I0825],[I0826]
[I0825],[I2959]
[I0834],[I0835]
[I0839],[I1426]
[I0839],[I1427]
[I0839],[I1428]
[I0828],[I0842]
[I0828],[I0843]
[I0828],[I0844]
[I0828],[I0845]
[I0828],[I0846]
[I0828],[I0847]
[I0840],[I2887]
[I0840],[I2889]
[I0840],[I2100]
[I0840],[I2888]
[I0840],[I0833]
[I0828],[I0849]
[I0828],[I0850]
[I0828],[I0852]
[I0854],[I0853]
[I0857],[I0856]
[I0860],[I0851]
[I0864],[I0867]
[I0865],[I0859]
[I0865],[I2309]
[I0871],[I0870]
[I0877],[I0879]
[I0877],[I0880]
[I0877],[I0881]
[I0874],[I0883]
[I0874],[I0884]
[I0874],[I0886]
[I0875],[I0888]
[I0875],[I0889]
[I0875],[I0891]
[I0875],[I0892]
[I2426],[I1422]
[I0900],[I0901]
[I0902],[I0903]
[I0902],[I0904]
[I0902],[I0890]
[I0902],[I0905]
[I0902],[I0906]
[I0902],[I0907]
[I0903],[I0909]
[I0903],[I0910]
[I0903],[I0911]
[I0903],[I0912]
[I0911],[I0915]
[I0916],[I0917]
[I0916],[I0918]
[I0916],[I0919]
[I0533],[I1366]
[I0925],[I0927]
[I0924],[I0929]
[I0924],[I0930]
[I0922],[I0932]
[I0922],[I0933]
[I0921],[I0935]
[I0921],[I0937]
[I0921],[I0938]
[I0921],[I0939]
[I0293],[I0941]
[I0293],[I0942]
[I0293],[I0943]
[I0293],[I0944]
[I0294],[I0946]
[I0294],[I0947]
[I0295],[I0949]
[I0295],[I0950]
[I0953],[I0954]
[I0954],[I0956]
[I0954],[I0957]
[I0960],[I0961]
[I0960],[I0962]
[I0960],[I0963]
[I0960],[I0964]
[I0960],[I0965]
[I0966],[I0967]
[I0966],[I0968]
[I0966],[I0969]
[I0438],[I1057]
[I0977],[I0978]
[I0979],[I0980]
[I0981],[I0111]
[I0984],[I0986]
[I0987],[I1340]
[I0987],[I0985]
[I0988],[I0991]
[I0988],[I0992]
[I0988],[I0993]
[I0988],[I0984]
[I0988],[I0994]
[I0988],[I0995]
[I0988],[I0996]
[I0988],[I0997]
[I0990],[I1342]
[I0990],[I0989]
[I0991],[I0774]
[I0991],[I0999]
[I0991],[I1000]
[I0991],[I1001]
[I0991],[I1002]
[I0991],[I1003]
[I0991],[I1004]
[I0991],[I1005]
[I0991],[I1006]
[I0991],[I1007]
[I1013],[I1014]
[I1013],[I1015]
[I0993],[I1018]
[I0993],[I1019]
[I1023],[I0988]
[I1023],[I1025]
[I1027],[I0605]
[I0653],[I1028]
[I0653],[I0512]
[I0653],[I1683]
[I0653],[I1684]
[I1033],[I2711]
[I1033],[I2712]
[I1031],[I2706]
[I1031],[I2707]
[I1031],[I2708]
[I1030],[I1039]
[I1030],[I1040]
[I1030],[I1041]
[I1030],[I1042]
[I1030],[I1043]
[I1030],[I1044]
[I1040],[I1047]
[I1040],[I1048]
[I1041],[I1050]
[I0260],[I0469]
[I1055],[I0971]
[I0608],[I0610]
[I0608],[I1672]
[I0608],[I0472]
[I1065],[I0473]
[I1067],[I0247]
[I0247],[I1070]
[I0247],[I1071]
[I0247],[I1072]
[I0247],[I1073]
[I1070],[I1076]
[I1070],[I1077]
[I1070],[I1079]
[I1070],[I1080]
[I1070],[I1081]
[I1073],[I1085]
[I1073],[I1086]
[I1073],[I1087]
[I1073],[I1088]
[I1073],[I1089]
[I1086],[I1090]
[I1090],[I1092]
[I1090],[I1093]
[I1099],[I1101]
[I1099],[I0309]
[I1099],[I1102]
[I1104],[I1099]
[I1104],[I1106]
[I1104],[I1107]
[I1104],[I1108]
[I1104],[I1109]
[I1104],[I1110]
[I1114],[I1115]
[I1114],[I1116]
[I1114],[I1117]
[I1114],[I1103]
[I1114],[I1118]
[I1118],[I0600]
[I1118],[I1120]
[I1118],[I1121]
[I1124],[I1128]
[I1124],[I1129]
[I1124],[I1130]
[I0600],[I1133]
[I0600],[I1134]
[I0600],[I1135]
[I0637],[I1138]
[I0637],[I1139]
[I0637],[I1140]
[I0637],[I1074]
[I0637],[I1141]
[I1138],[I1143]
[I1138],[I0495]
[I1138],[I1148]
[I1138],[I1149]
[I1138],[I1150]
[I1138],[I1151]
[I1138],[I1152]
[I1138],[I1153]
[I1143],[I1145]
[I1143],[I1146]
[I0761],[I1160]
[I0761],[I1161]
[I0761],[I1162]
[I0761],[I1163]
[I0761],[I1164]
[I0761],[I1165]
[I0761],[I1166]
[I0761],[I1167]
[I0761],[I1168]
[I0761],[I0568]
[I0761],[I1169]
[I0761],[I1170]
[I0761],[I1171]
[I0772],[I1174]
[I0772],[I1175]
[I1150],[I0688]
[I1150],[I1180]
[I1150],[I1181]
[I1150],[I1182]
[I0689],[I1187]
[I0689],[I1188]
[I0689],[I1189]
[I0689],[I1190]
[I0689],[I1191]
[I0689],[I1192]
[I1193],[I1194]
[I1193],[I1195]
[I1193],[I1196]
[I1193],[I1197]
[I1193],[I1198]
[I1193],[I1199]
[I1193],[I1200]
[I1193],[I1201]
[I1197],[I1119]
[I1197],[I0690]
[I1207],[I1208]
[I1207],[I1209]
[I1207],[I1210]
[I1211],[I1207]
[I1213],[I0658]
[I1215],[I0740]
[I0655],[I1678]
[I0655],[I1679]
[I0655],[I1680]
[I1217],[I1016]
[I1219],[I1217]
[I1221],[I1223]
[I1221],[I1219]
[I1221],[I1224]
[I1221],[I1225]
[I1221],[I1226]
[I1221],[I1227]
[I1221],[I1228]
[I1229],[I1231]
[I1229],[I1232]
[I1229],[I1233]
[I1229],[I1234]
[I1229],[I1235]
[I1229],[I1236]
[I1229],[I1237]
[I1229],[I1238]
[I1229],[I1239]
[I1229],[I1240]
[I1229],[I1241]
[I1229],[I1242]
[I1236],[I1501]
[I1236],[I1502]
[I1236],[I1221]
[I1245],[I0683]
[I1246],[I1244]
[I1249],[I0725]
[I0835],[I1247]
[I1252],[I0834]
[I1252],[I2867]
[I1252],[I2868]
[I1254],[I0773]
[I1260],[I0838]
[I1261],[I1263]
[I1261],[I1264]
[I1261],[I1265]
[I1261],[I1266]
[I1261],[I1267]
[I1261],[I1268]
[I1261],[I1269]
[I1261],[I1270]
[I1261],[I1271]
[I1261],[I1272]
[I1261],[I1273]
[I1261],[I1274]
[I1261],[I0286]
[I1261],[I1275]
[I1261],[I1276]
[I1261],[I1278]
[I1261],[I1279]
[I1261],[I1280]
[I1281],[I1261]
[I1281],[I1283]
[I1281],[I1284]
[I1281],[I1285]
[I1281],[I1286]
[I1281],[I1287]
[I1281],[I1288]
[I1281],[I1289]
[I1281],[I1290]
[I1291],[I0781]
[I1294],[I1296]
[I1294],[I0654]
[I1294],[I0042]
[I1296],[I1298]
[I1300],[I1294]
[I1301],[I1303]
[I1301],[I1304]
[I1419],[I1300]
[I1301],[I1306]
[I1306],[I1308]
[I1309],[I1325]
[I1309],[I1324]
[I1309],[I1311]
[I1312],[I1309]
[I1309],[I1301]
[I1311],[I1316]
[I1316],[I1319]
[I1316],[I1318]
[I1320],[I1321]
[I1322],[I1323]
[I1326],[I1314]
[I1236],[I1329]
[I1236],[I1330]
[I1236],[I1331]
[I1236],[I1437]
[I1329],[I1333]
[I1329],[I1334]
[I1329],[I1335]
[I1329],[I1465]
[I1329],[I2079]
[I1334],[I1255]
[I1237],[I1023]
[I1237],[I1338]
[I1237],[I2294]
[I0531],[I0741]
[I1342],[I0987]
[I1242],[I2071]
[I1242],[I1603]
[I1242],[I2072]
[I1242],[I2073]
[I1344],[I1346]
[I1344],[I2280]
[I1344],[I1024]
[I1344],[I2281]
[I1349],[I1344]
[I1349],[I2283]
[I1349],[I2284]
[I1349],[I2285]
[I1352],[I1353]
[I1352],[I1254]
[I0155],[I0502]
[I0155],[I1360]
[I0152],[I1357]
[I0152],[I1358]
[I0152],[I1359]
[I1363],[I0143]
[I1364],[I1281]
[I1364],[I1367]
[I1364],[I1368]
[I1364],[I1369]
[I1364],[I1370]
[I1371],[I1373]
[I1371],[I1374]
[I1371],[I1375]
[I1371],[I1376]
[I1371],[I1377]
[I1371],[I1378]
[I1371],[I1379]
[I1371],[I1364]
[I1380],[I1382]
[I1380],[I1383]
[I1380],[I1384]
[I1380],[I1385]
[I1380],[I1386]
[I1380],[I1387]
[I1380],[I1388]
[I1380],[I1389]
[I1380],[I1390]
[I1380],[I1391]
[I1391],[I1393]
[I1391],[I2957]
[I1391],[I1394]
[I1391],[I1395]
[I1391],[I2224]
[I1397],[I1399]
[I1397],[I1400]
[I1397],[I1401]
[I1397],[I1402]
[I1397],[I1403]
[I1405],[I1371]
[I1405],[I1866]
[I1405],[I1867]
[I0164],[I1407]
[I1408],[I1409]
[I1231],[I1411]
[I1231],[I1412]
[I1236],[I2065]
[I1235],[I1348]
[I0564],[I0248]
[I0529],[I1341]
[I0529],[I0751]
[I2132],[I0920]
[I2132],[I2131]
[I2132],[I2417]
[I1341],[I2423]
[I1422],[I0894]
[I1424],[I1703]
[I1424],[I1700]
[I1424],[I1701]
[I1424],[I1702]
[I1430],[I0868]
[I1430],[I2106]
[I1430],[I2107]
[I1432],[I1249]
[I1432],[I1433]
[I0836],[I1431]
[I1433],[I1435]
[I1438],[I1439]
[I1438],[I1440]
[I1438],[I1441]
[I1447],[I1449]
[I1447],[I1451]
[I1454],[I1455]
[I1455],[I1457]
[I1455],[I1458]
[I1455],[I1459]
[I1455],[I1460]
[I1455],[I1821]
[I1457],[I1462]
[I1457],[I1463]
[I1463],[I1466]
[I1466],[I1252]
[I1466],[I1470]
[I1466],[I1471]
[I1466],[I1472]
[I1253],[I1450]
[I1474],[I1475]
[I1474],[I1476]
[I1477],[I1478]
[I1478],[I1432]
[I1478],[I1480]
[I1480],[I1482]
[I1470],[I2866]
[I1459],[I1486]
[I1487],[I1488]
[I1487],[I1489]
[I1487],[I1490]
[I1476],[I1492]
[I1492],[I1494]
[I1285],[I1496]
[I1285],[I1497]
[I1497],[I1499]
[I1499],[I1243]
[I1278],[I1744]
[I1377],[I1507]
[I1377],[I1873]
[I1279],[I1410]
[I1511],[I1513]
[I1511],[I1514]
[I1511],[I1392]
[I1511],[I1515]
[I1511],[I1516]
[I1517],[I1860]
[I1517],[I1518]
[I1517],[I1519]
[I1517],[I1397]
[I1517],[I1861]
[I1520],[I1747]
[I1525],[I1380]
[I1527],[I1529]
[I1527],[I1525]
[I1530],[I1527]
[I1530],[I1532]
[I1533],[I1767]
[I1533],[I1534]
[I1536],[I1538]
[I1536],[I1535]
[I1538],[I1540]
[I1533],[I1753]
[I1533],[I1754]
[I1533],[I1543]
[I1533],[I1755]
[I1533],[I1756]
[I1533],[I1757]
[I1533],[I1758]
[I1533],[I1759]
[I1533],[I1760]
[I1533],[I1761]
[I1533],[I1762]
[I1543],[I1764]
[I1543],[I1545]
[I1545],[I1512]
[I1545],[I1547]
[I1545],[I1766]
[I1548],[I1550]
[I1548],[I1551]
[I1548],[I1552]
[I1548],[I1768]
[I1553],[I1554]
[I1553],[I1555]
[I1522],[I1398]
[I1559],[I1560]
[I1559],[I1561]
[I0044],[I1570]
[I0044],[I1571]
[I0044],[I1572]
[I1570],[I1574]
[I1575],[I1576]
[I1575],[I1577]
[I1578],[I1579]
[I1578],[I1580]
[I0873],[I1147]
[I1367],[I1882]
[I1367],[I1887]
[I1367],[I1888]
[I1585],[I2234]
[I1602],[I1026]
[I1604],[I1736]
[I1604],[I0301]
[I1606],[I1605]
[I1609],[I1610]
[I1609],[I1611]
[I1613],[I1027]
[I1613],[I0458]
[I1615],[I1613]
[I1617],[I1642]
[I1617],[I1655]
[I1617],[I1656]
[I1617],[I1657]
[I1617],[I1658]
[I1617],[I1659]
[I1617],[I1660]
[I1617],[I1650]
[I0344],[I1643]
[I1620],[I0344]
[I1620],[I2850]
[I1622],[I1620]
[I1625],[I1622]
[I1625],[I2854]
[I1625],[I2855]
[I1627],[I1630]
[I1630],[I1625]
[I1630],[I2856]
[I1630],[I2857]
[I1630],[I0692]
[I1630],[I2858]
[I1632],[I0737]
[I1634],[I1632]
[I1641],[I1618]
[I1641],[I0346]
[I1643],[I1645]
[I1643],[I0299]
[I1643],[I1646]
[I1645],[I1649]
[I1654],[I1648]
[I1664],[I2699]
[I1664],[I1670]
[I1664],[I2700]
[I1664],[I2701]
[I1664],[I2702]
[I1671],[I1674]
[I1671],[I1675]
[I1671],[I1676]
[I1694],[I0322]
[I1696],[I1697]
[I1696],[I1698]
[I1696],[I1114]
[I1696],[I1699]
[I1706],[I2152]
[I1706],[I2153]
[I1706],[I2154]
[I1716],[I0792]
[I1717],[I1716]
[I1719],[I1717]
[I1720],[I1719]
[I1720],[I1721]
[I1722],[I0787]
,[I1722]
,[I1723]
,[I1718]
,[I1724]
[I1726],[I1725]
[I1728],[I0789]
[I1729],[I0782]
[I1729],[I1728]
[I0398],[I1731]
[I1735],[I1291]
[I1739],[I1903]
[I1739],[I1277]
[I1740],[I1739]
[I1741],[I1740]
[I1741],[I1894]
[I1741],[I2481]
[I1741],[I2484]
[I1891],[I1742]
[I1746],[I1749]
[I1746],[I1262]
[I1748],[I1520]
[I1749],[I1751]
[I1452],[I1542]
[I1752],[I1452]
[I1763],[I1765]
[I1763],[I1546]
[I1771],[I1770]
[I1774],[I1539]
[I1775],[I1549]
[I1776],[I1548]
[I1778],[I1777]
[I1779],[I1784]
[I1779],[I1533]
[I1779],[I1782]
[I1783],[I1781]
[I1785],[I1780]
[I1786],[I1788]
[I1786],[I1779]
[I1791],[I1790]
[I1792],[I1786]
[I1792],[I1794]
[I1792],[I1795]
[I1792],[I1796]
[I1792],[I1799]
[I1792],[I1800]
[I1792],[I1803]
[I1792],[I1804]
[I1792],[I1805]
[I1792],[I1806]
[I1792],[I1807]
[I1792],[I1808]
[I1792],[I1809]
[I1792],[I1810]
[I1815],[I1251]
[I1816],[I1429]
[I1816],[I2438]
[I2524],[I2441]
[I2524],[I1816]
[I1818],[I1448]
[I1819],[I1456]
[I1820],[I1464]
[I1825],[I1461]
[I1826],[I1467]
[I1827],[I1469]
[I1827],[I1468]
[I1827],[I1634]
[I1830],[I1447]
[I1830],[I2869]
[I1830],[I2870]
[I1830],[I2871]
[I1830],[I2872]
[I1830],[I2873]
[I1832],[I1830]
[I1834],[I1833]
[I1835],[I1832]
[I1837],[I1842]
[I1837],[I1836]
[I1839],[I1838]
[I1841],[I1453]
[I1845],[I1846]
[I1846],[I1849]
[I1848],[I1847]
[I1850],[I1381]
[I1382],[I1853]
[I1852],[I1851]
[I1859],[I1396]
[I1857],[I1856]
[I1855],[I1858]
[I1855],[I1854]
[I1863],[I1862]
[I1865],[I1864]
[I1868],[I1372]
[I1869],[I1510]
[I1870],[I1523]
[I1871],[I1521]
[I1872],[I1508]
[I1874],[I1506]
[I1877],[I1365]
[I1881],[I1282]
[I1883],[I0596]
[I1884],[I1582]
[I1885],[I1583]
[I1890],[I1889]
[I1891],[I1746]
[I1893],[I1587]
[I1894],[I1495]
[I1897],[I1896]
[I1898],[I1504]
[I1899],[I1593]
[I1901],[I1505]
[I1903],[I2464]
[I1903],[I0127]
[I1903],[I2465]
[I1903],[I1743]
[I1904],[I1349]
[I1905],[I1904]
[I1906],[I1905]
[I1907],[I1906]
[I1908],[I1907]
[I1910],[I1908]
[I1913],[I1957]
[I1913],[I1958]
[I1913],[I1911]
[I1913],[I1959]
[I1914],[I0361]
[I1915],[I1917]
[I1915],[I1914]
[I1918],[I1916]
[I1843],[I1844]
[I1919],[I1909]
[I1912],[I1919]
[I1920],[I1912]
[I1922],[I1921]
[I1924],[I1923]
[I1926],[I1925]
[I1928],[I1927]
[I1930],[I1928]
[I1932],[I1933]
[I1934],[I1931]
[I1935],[I1934]
[I1935],[I2185]
[I1936],[I1935]
[I1937],[I1936]
[I1938],[I1939]
[I1938],[I1937]
[I1940],[I1942]
[I1940],[I1943]
[I1940],[I1944]
[I1939],[I1940]
[I1945],[I1947]
[I1943],[I1945]
[I1943],[I1946]
[I1944],[I1948]
[I1948],[I1949]
[I1950],[I1951]
[I1949],[I1950]
[I1951],[I1952]
[I1953],[I1913]
[I1952],[I1955]
[I1952],[I1953]
[I1961],[I1960]
[I1957],[I1961]
[I1964],[I1792]
[I1964],[I1982]
[I1964],[I1985]
[I1964],[I1986]
[I1964],[I1987]
[I1966],[I1968]
[I1966],[I1969]
[I1966],[I1971]
[I1966],[I1977]
[I1966],[I1972]
[I1966],[I1964]
[I1973],[I1966]
[I1973],[I1975]
[I1976],[I1967]
[I1972],[I1978]
[I1972],[I1979]
[I1981],[I1965]
[I1982],[I1983]
[I1982],[I1984]
[I1929],[I1990]
[I1991],[I1992]
[I1992],[I1993]
[I1992],[I1994]
[I1995],[I1991]
[I1995],[I2019]
[I1996],[I1995]
[I1997],[I1996]
[I1998],[I1997]
[I1999],[I1998]
[I2000],[I1999]
[I2001],[I2000]
[I2002],[I2001]
[I2003],[I2002]
[I2004],[I2003]
[I2005],[I2004]
[I2006],[I2005]
[I2007],[I2006]
[I2008],[I2007]
[I2009],[I2008]
[I2010],[I2009]
[I2011],[I2010]
[I2012],[I2011]
[I2013],[I2012]
[I2014],[I2013]
[I2015],[I2014]
[I2016],[I2015]
[I2017],[I2016]
[I2018],[I2017]
,[I2020]
,[I2021]
[I1994],[I2022]
[I1994],[I2023]
[I2022],[I2024]
[I2026],[I2025]
[I2027],[I2026]
[I2028],[I2027]
[I2023],[I2028]
[I2024],[I2029]
[I2024],[I2030]
[I2024],[I2031]
[I2024],[I2032]
[I2029],[I2033]
[I1993],[I2037]
[I2037],[I2038]
[I2037],[I2039]
[I2037],[I2040]
[I2038],[I2041]
[I2041],[I2042]
[I2041],[I2043]
[I2045],[I2044]
[I2039],[I2045]
[I2047],[I2046]
[I2047],[I2050]
[I2047],[I2051]
[I2047],[I2052]
[I2048],[I2047]
[I2054],[I1973]
[I2055],[I2054]
[I2056],[I2055]
[I2050],[I2056]
[I2040],[I2048]
[I2057],[I1230]
[I2058],[I1595]
[I2059],[I1418]
[I2060],[I1347]
[I2062],[I1416]
[I2063],[I1328]
[I2062],[I1337]
[I2067],[I2066]
[I2068],[I2067]
[I2069],[I1343]
[I1332],[I1222]
[I2075],[I1414]
[I2075],[I1220]
[I2075],[I2537]
[I2078],[I2077]
[I1335],[I2083]
[I1335],[I2084]
[I1335],[I2085]
[I1335],[I2086]
[I1335],[I2087]
[I1335],[I2088]
[I1335],[I2089]
[I1335],[I2090]
[I2082],[I2081]
[I2101],[I1434]
[I2099],[I2338]
[I2099],[I2339]
[I2099],[I0848]
[I2103],[I2102]
[I2104],[I2334]
[I2108],[I2109]
[I2108],[I2110]
[I2109],[I1436]
[I2109],[I2396]
[I2109],[I2397]
[I2109],[I2398]
[I2113],[I2112]
[I0765],[I2415]
[I2120],[I0769]
[I2127],[I0707]
[I2131],[I2130]
[I2131],[I2421]
[I2131],[I1420]
[I0870],[I2136]
[I0870],[I2132]
[I2137],[I0721]
[I2138],[I2137]
[I2139],[I0724]
[I2140],[I0342]
[I2142],[I0332]
[I2144],[I0762]
[I2147],[I0131]
[I2151],[I0126]
[I0504],[I2158]
[I0504],[I2159]
[I2160],[I0494]
[I2161],[I0408]
[I2163],[I2165]
[I2166],[I2167]
[I2168],[I2169]
[I2169],[I2170]
[I2170],[I2171]
[I2171],[I2172]
[I2173],[I2174]
[I2174],[I1352]
[I2175],[I2173]
[I2176],[I2175]
[I2177],[I2176]
[I2178],[I2177]
[I2180],[I2179]
[I2181],[I2180]
[I2182],[I2181]
[I2183],[I2182]
[I2184],[I2183]
[I2185],[I2184]
[I2186],[I1918]
[I2187],[I2186]
[I2189],[I2188]
[I2191],[I2190]
[I2192],[I2191]
[I2193],[I2192]
[I2194],[I2193]
[I2195],[I2194]
[I2196],[I2195]
[I2197],[I2196]
[I2198],[I2197]
[I2199],[I2198]
[I2200],[I2199]
[I2201],[I2200]
[I2202],[I2201]
[I2203],[I2202]
[I2204],[I2203]
[I2205],[I2204]
[I2206],[I2205]
[I2208],[I2206]
[I2209],[I2208]
[I2210],[I2209]
[I2211],[I2210]
[I2212],[I2211]
[I2212],[I2213]
[I2214],[I2215]
[I2217],[I2216]
[I2219],[I2218]
[I2221],[I2220]
[I2221],[I2207]
[I2222],[I2221]
[I2223],[I2222]
[I2215],[I2223]
[I2301],[I0779]
[I1511],[I2237]
[I2226],[I2225]
[I1515],[I2228]
[I2228],[I2230]
[I2228],[I2231]
[I2228],[I1837]
[I2231],[I1886]
[I1886],[I1585]
[I2235],[I2236]
[I2239],[I1511]
[I2239],[I2241]
[I2242],[I2239]
[I2244],[I2246]
[I2248],[I2243]
[I2249],[I2248]
[I2250],[I2249]
[I2250],[I2253]
[I2251],[I2250]
[I2252],[I2251]
[I2253],[I2254]
[I2255],[I2245]
[I2254],[I2255]
[I2257],[I2256]
[I2258],[I2257]
[I2259],[I2258]
[I2260],[I2259]
[I2261],[I2252]
[I2261],[I2260]
[I2261],[I2262]
[I2263],[I2264]
[I2265],[I2261]
[I2265],[I2266]
[I2267],[I1601]
[I2268],[I1598]
[I2269],[I1596]
[I2270],[I1327]
[I2271],[I0998]
[I2272],[I1218]
[I2274],[I1628]
[I2277],[I1345]
[I2279],[I1445]
[I2291],[I1413]
[I2299],[I1444]
[I2303],[I2301]
[I2305],[I2304]
[I2307],[I2305]
[I2310],[I2312]
[I2310],[I2313]
[I2310],[I2314]
[I2310],[I0869]
[I2310],[I2315]
[I2310],[I2316]
[I2310],[I2317]
[I2310],[I2318]
[I2313],[I2324]
[I2340],[I2394]
[I2340],[I2403]
[I2341],[I2343]
[I2341],[I2337]
[I2341],[I0857]
[I2343],[I2355]
[I2343],[I2356]
[I2343],[I2357]
[I2341],[I2348]
[I2341],[I2349]
[I2341],[I2350]
[I2355],[I2359]
[I2355],[I2360]
[I2355],[I2361]
[I2355],[I2362]
[I2355],[I2363]
[I2359],[I2367]
[I2367],[I2369]
[I2359],[I2372]
[I2359],[I2387]
[I2372],[I2375]
[I2372],[I2376]
[I2372],[I2377]
[I2372],[I2378]
[I2372],[I2379]
[I2392],[I2327]
[I2392],[I2108]
[I2392],[I2319]
[I2405],[I2406]
[I2405],[I2407]
[I2405],[I2331]
[I2405],[I2408]
[I2405],[I2409]
[I2418],[I2416]
[I2418],[I2420]
[I2419],[I2418]
[I2420],[I2427]
[I2420],[I2430]
[I2420],[I2431]
[I2424],[I2880]
[I2423],[I2426]
[I2423],[I2424]
[I2423],[I2507]
[I2428],[I2429]
[I2433],[I2434]
[I2431],[I2432]
[I2448],[I2973]
[I2448],[I2974]
[I2448],[I2975]
[I2448],[I0139]
[I2448],[I0205]
[I2448],[I0138]
[I2448],[I1696]
[I2438],[I1248]
[I2438],[I2522]
[I2438],[I2523]
[I2435],[I1614]
[I2437],[I1438]
[I2442],[I0841]
[I2444],[I1612]
[I1698],[I2901]
[I1698],[I2902]
[I1698],[I2903]
[I2450],[I2449]
[I2451],[I1741]
[I2464],[I2466]
[I2452],[I2469]
[I2452],[I1869]
[I2452],[I2470]
[I2452],[I2471]
[I2452],[I2472]
[I2452],[I2473]
[I2452],[I2474]
[I2454],[I2452]
[I2457],[I2454]
[I2458],[I2460]
[I2458],[I2457]
[I2458],[I2533]
[I2463],[I2458]
[I2467],[I1557]
[I2468],[I2467]
[I1869],[I2451]
[I2451],[I2480]
[I2483],[I2482]
[I2488],[I2487]
[I2489],[I2488]
[I2495],[I2494]
[I2495],[I2520]
[I2494],[I2498]
[I2499],[I2075]
[I2499],[I2501]
[I2499],[I2502]
[I2499],[I2503]
[I2504],[I1423]
[I0894],[I1424]
[I0894],[I0898]
[I0894],[I0897]
[I0894],[I2506]
[I0897],[I2509]
[I0897],[I2510]
[I2511],[I0245]
[I2513],[I2511]
[I2515],[I2513]
[I2516],[I2515]
[I2517],[I2516]
[I2517],[I2921]
[I2498],[I2499]
[I2498],[I2518]
[I2525],[I2524]
[I2530],[I2532]
[I2530],[I0440]
[I2457],[I2534]
[I2537],[I2540]
,[I2538]
[I2540],[I2544]
[I2540],[I2543]
[I0838],[I2440]
[I0417],[I2551]
[I0417],[I2552]
[I0417],[I2553]
[I0417],[I2554]
[I2552],[I2565]
[I2553],[I2560]
[I2553],[I2561]
[I2553],[I2562]
[I2553],[I2563]
[I2553],[I2564]
[I2560],[I2567]
[I2560],[I2568]
[I2560],[I2569]
[I2561],[I2570]
[I2563],[I2572]
[I2563],[I2573]
[I2563],[I2574]
[I2564],[I2576]
[I2564],[I2577]
[I2564],[I2578]
[I2564],[I2579]
[I2576],[I2581]
[I2576],[I2582]
[I2576],[I2584]
[I2584],[I2604]
[I2567],[I2587]
[I2588],[I2589]
[I2572],[I2593]
[I2593],[I2595]
[I2593],[I2596]
[I2593],[I2597]
[I2598],[I2599]
[I2599],[I2601]
[I2599],[I2602]
[I2599],[I2603]
[I2604],[I2605]
[I2604],[I2606]
[I2605],[I2607]
[I2605],[I2608]
[I2609],[I0417]
[I2609],[I2611]
[I2613],[I2609]
[I2895],[I2614]
[I2522],[I2616]
[I2622],[I0358]
[I2623],[I0489]
[I2626],[I2625]
[I2632],[I0464]
[I2636],[I0434]
[I2649],[I2648]
[I2651],[I1214]
[I2658],[I1313]
[I2660],[I1312]
[I2663],[I2662]
[I2666],[I2669]
[I2666],[I2670]
[I2666],[I2674]
[I2666],[I2675]
[I2666],[I2672]
[I0165],[I2681]
[I2671],[I2684]
[I2671],[I2685]
[I2671],[I2686]
[I2680],[I2679]
[I2682],[I0157]
[I2683],[I0589]
[I2688],[I2687]
[I2689],[I1295]
[I2691],[I1299]
[I0466],[I2693]
[I0466],[I2842]
[I2694],[I1828]
[I2695],[I0607]
[I2705],[I0453]
[I2713],[I2714]
[I2713],[I2715]
[I2713],[I2716]
[I2717],[I2718]
[I2717],[I2719]
[I2717],[I2720]
[I2721],[I2722]
[I2721],[I2723]
[I2721],[I2724]
[I2725],[I2726]
[I2725],[I2727]
[I2725],[I2728]
[I0447],[I2740]
[I0449],[I2742]
[I0449],[I2743]
[I1409],[I2745]
[I1409],[I2746]
[I1409],[I2747]
[I1409],[I2748]
[I1409],[I2767]
[I1409],[I2768]
[I1409],[I2769]
[I2749],[I2750]
[I2749],[I2751]
[I2749],[I2752]
[I2749],[I2753]
[I2749],[I2754]
[I2755],[I2756]
[I2755],[I2757]
[I2755],[I2758]
[I2747],[I2761]
[I2747],[I2763]
[I2747],[I2765]
[I2770],[I2773]
[I2770],[I2774]
[I2770],[I2775]
[I2770],[I2776]
[I2770],[I2777]
[I2778],[I2772]
[I2774],[I2780]
[I2774],[I2781]
[I2774],[I2782]
[I2783],[I2784]
[I2783],[I2785]
[I2783],[I2786]
[I2783],[I2787]
[I2783],[I2788]
[I2789],[I2790]
[I2791],[I2792]
[I2791],[I2793]
[I2794],[I2795]
[I2794],[I2796]
[I2781],[I2799]
[I2800],[I2801]
[I2800],[I2802]
[I2781],[I2804]
[I2781],[I2806]
[I2781],[I2807]
[I2808],[I2809]
[I2808],[I2810]
[I2808],[I2811]
[I2774],[I2813]
[I2813],[I2815]
[I2813],[I2816]
[I2777],[I2820]
[I2777],[I2821]
[I2777],[I2822]
[I2777],[I2823]
[I2821],[I2825]
[I2821],[I2826]
[I2821],[I2827]
[I2821],[I2828]
[I2738],[I2832]
[I2833],[I2834]
[I2833],[I2835]
[I2833],[I2836]
[I2833],[I2837]
[I2840],[I2839]
[I0465],[I2848]
[I1470],[I1484]
[I2878],[I1246]
[I2880],[I2878]
[I2884],[I1017]
[I2885],[I2894]
[I2885],[I0871]
[I2897],[I2448]
[I2899],[I1202]
[I2911],[I0349]
[I0590],[I2915]
[I0751],[I2517]
[I0751],[I2917]
[I2922],[I2661]
[I2923],[I2664]
[I2924],[I2659]
[I2926],[I0161]
[I2927],[I1356]
[I2928],[I1406]
[I0169],[I2930]
[I0169],[I2931]
[I0169],[I2932]
[I2933],[I0821]
[I2934],[I2933]
[I2936],[I0820]
[I2938],[I2937]
[I2940],[I2939]
[I2942],[I2943]
[I2942],[I2941]
[I2943],[I2944]
[I2944],[I2946]
[I2946],[I0812]
[I2948],[I2947]
[I2949],[I2948]
[I2950],[I2942]
[I2951],[I2950]
[I2952],[I2951]
[I2953],[I2935]
[I2954],[I2953]
[I2956],[I2955]
[I2960],[I2961]
[I0242],[I2963]
[I2965],[I2966]
[I2968],[I0062]
[I2971],[I2969]
[I0054],[I2978]
[I2980],[I2981]
[I2982],[I0292]
[I2985],[I2990]
[I2985],[I2991]
[I2985],[I2992]
[I2985],[I2993]
[I2986],[I2989]
[I2986],[I3010]
[I2987],[I2986]
[I2994],[I2985]
[I2995],[I0806]
[I2995],[I2997]
[I2995],[I3009]
[I2995],[I2998]
[I3002],[I3003]
[I3002],[I3004]
[I3002],[I3005]
[I3002],[I2996]
[I3002],[I3006]
,[I2999]
[I3001],[I3000]
[I3007],[I2995]
[I0001],[I0003]
[I0001],[I0004]
[I0001],[I0005]
[I0001],[I0006]
[I0001],[I0007]
[I0001],[I0008]
[I0001],[I0009]
[I0001],[I0010]
[I0001],[I0011]
[I0012],[I0013]
[I0012],[I0014]
[I0012],[I0015]
[I0012],[I0016]
[I0012],[I0017]
[I0012],[I0018]
[I0003],[I0021]
[I0003],[I0077]
[I0003],[I0072]
[I0003],[I0073]
[I0003],[I0074]
[I0003],[I0075]
[I0003],[I0076]
[I0003],[I0078]
[I0039],[I0046]
[I0039],[I0047]
[I0039],[I0048]
[I0039],[I0049]
[I0039],[I0050]
[I0023],[I0024]
[I0023],[I0129]
[I0011],[I0026]
[I0011],[I0027]
[I0011],[I0028]
[I0011],[I0029]
[I0030],[I0031]
[I0030],[I0032]
[I0030],[I0033]
[I0030],[I0034]
[I0030],[I0035]
[I0030],[I0036]
[I0005],[I0038]
[I0005],[I0084]
[I0005],[I0079]
[I0005],[I0083]
[I0005],[I0086]
[I0005],[I0039]
[I0005],[I0085]
[I0041],[I0037]
[I0041],[I1568]
[I0041],[I0153]
[I0041],[I0154]
[I0041],[I0155]
[I0041],[I0156]
[I0043],[I0044]
[I0043],[I0353]
[I0043],[I2665]
[I0043],[I2666]
[I0045],[I0491]
[I0045],[I0492]
[I0045],[I0040]
[I0045],[I0149]
[I0045],[I0150]
[I0045],[I0094]
[I0045],[I0151]
[I0045],[I0152]
[I0051],[I0052]
[I0051],[I0053]
[I0053],[I0055]
[I0053],[I0056]
[I0052],[I0058]
[I0052],[I0059]
[I0052],[I0060]
[I0052],[I0061]
[I0059],[I0063]
[I0059],[I0064]
[I0065],[I0115]
[I0065],[I0116]
[I0066],[I0067]
[I0066],[I0106]
[I0066],[I0107]
[I0033],[I0244]
[I0033],[I0291]
[I0069],[I0087]
[I0069],[I0088]
[I0017],[I0450]
[I0079],[I0080]
[I0079],[I0081]
[I0079],[I0082]
[I0089],[I0090]
[I0089],[I0317]
[I0089],[I0318]
[I0094],[I0095]
[I0094],[I0096]
[I0094],[I0097]
[I0094],[I0098]
[I0094],[I0099]
[I0038],[I0101]
[I0038],[I0238]
[I0038],[I0102]
[I0038],[I0103]
[I0101],[I0147]
[I0101],[I0148]
[I0101],[I0463]
[I0101],[I0476]
[I0101],[I0057]
[I0015],[I0125]
[I0015],[I0952]
[I0106],[I0109]
[I0106],[I0110]
[I0111],[I0112]
[I0111],[I0113]
[I0111],[I0114]
[I0007],[I0310]
[I0007],[I0311]
[I0007],[I0312]
[I0007],[I0118]
[I0007],[I0313]
[I0120],[I0121]
[I0120],[I0122]
[I0120],[I0123]
[I0121],[I0445]
[I0121],[I1059]
[I0121],[I0447]
[I0121],[I0448]
[I0121],[I0449]
[I0125],[I2155]
[I0123],[I1706]
[I0024],[I0287]
[I0024],[I0288]
[I0024],[I0289]
[I0131],[I0141]
[I0131],[I0202]
[I0131],[I0203]
[I0131],[I0204]
[I0131],[I0133]
[I0131],[I0209]
[I0131],[I0210]
[I0131],[I0212]
[I0131],[I0213]
[I0131],[I0132]
[I0131],[I0214]
[I0131],[I0215]
[I0131],[I0216]
[I0131],[I0217]
[I0131],[I0218]
[I0134],[I0262]
[I0134],[I0135]
[I0134],[I0136]
[I0136],[I0030]
[I0136],[I0278]
[I0136],[I0279]
[I0136],[I0280]
[I0138],[I0001]
[I0140],[I1737]
[I0140],[I0002]
[I0143],[I0144]
[I0146],[I0173]
[I0146],[I0174]
[I0146],[I0175]
[I0146],[I0176]
[I0146],[I0177]
[I0146],[I0178]
[I0146],[I0179]
[I0146],[I0180]
[I0146],[I0051]
[I0146],[I0181]
[I0157],[I0158]
[I0157],[I0159]
[I0157],[I0160]
[I0157],[I1362]
[I0163],[I1355]
[I0163],[I0164]
[I0154],[I0166]
[I0154],[I1562]
[I0154],[I1563]
[I0154],[I1564]
[I0154],[I1565]
[I0154],[I1566]
[I0154],[I1567]
[I0168],[I0827]
[I0168],[I2958]
[I0170],[I0822]
[I0170],[I0168]
[I0172],[I0070]
[I0183],[I0145]
[I0185],[I0186]
[I0185],[I0182]
[I0188],[I0189]
[I0188],[I0184]
[I0193],[I1962]
[I0193],[I1963]
[I1216],[I0023]
[I1216],[I0656]
[I0200],[I0120]
[I0208],[I0146]
[I0219],[I0220]
[I0219],[I0221]
[I0219],[I0222]
[I0219],[I0223]
[I0226],[I0604]
[I0226],[I0012]
[I0226],[I0227]
[I0226],[I0041]
[I0226],[I0254]
[I0226],[I1663]
[I0228],[I0405]
[I0228],[I0466]
[I0228],[I0163]
[I0228],[I0229]
[I0228],[I2673]
[I0228],[I0104]
[I0228],[I0465]
[I0228],[I0467]
[I1362],[I0066]
[I1362],[I0236]
[I1362],[I0237]
[I1362],[I2964]
[I1362],[I2967]
[I0093],[I0240]
[I0093],[I0241]
[I0093],[I1712]
[I0093],[I0065]
[I0093],[I0242]
[I0517],[I0556]
[I0248],[I0249]
[I0250],[I0251]
[I0250],[I0252]
[I0250],[I0253]
[I0254],[I0255]
[I0254],[I0256]
[I0254],[I0257]
[I0254],[I0258]
[I0254],[I0259]
[I0254],[I0552]
[I0263],[I0264]
[I0263],[I0265]
[I0263],[I0266]
[I0267],[I0268]
[I0267],[I0269]
[I0267],[I0270]
[I0135],[I0272]
[I0273],[I0274]
[I0273],[I0275]
[I0273],[I0276]
[I0273],[I0277]
[I0281],[I0282]
[I0281],[I0283]
[I0281],[I0284]
[I0281],[I0285]
[I0127],[I1229]
[I0127],[I1256]
[I0127],[I1257]
[I0127],[I1258]
[I0292],[I0293]
[I0292],[I0294]
[I0292],[I0295]
[I0296],[I0297]
[I0299],[I0226]
[I0299],[I0300]
[I0302],[I0298]
[I0302],[I0134]
[I0304],[I0305]
[I0304],[I0137]
[I0304],[I0306]
[I0306],[I0308]
[I0096],[I0438]
[I0096],[I0437]
[I0096],[I0436]
[I0096],[I1096]
[I0096],[I1097]
[I0096],[I1098]
[I0314],[I0315]
[I0316],[I0982]
[I0319],[I0320]
[I0319],[I0801]
[I0322],[I0323]
[I0322],[I0324]
[I0322],[I0325]
[I0322],[I0326]
[I0322],[I0327]
[I0322],[I0328]
[I0322],[I0329]
[I0322],[I0330]
[I0322],[I0331]
[I0332],[I0333]
[I0332],[I0130]
[I0332],[I0334]
[I0332],[I0335]
[I0332],[I0336]
[I0332],[I0337]
[I0332],[I0338]
[I0332],[I0339]
[I0332],[I0340]
[I0342],[I0321]
[I0342],[I0343]
[I0331],[I1637]
[I0331],[I1638]
[I0331],[I1639]
[I0331],[I0764]
[I0331],[I1640]
[I0346],[I0225]
[I0348],[I0224]
[I0348],[I0100]
[I0348],[I0486]
[I0348],[I0025]
[I0348],[I0487]
[I0350],[I0493]
[I0350],[I0357]
[I0350],[I0347]
[I0350],[I0045]
[I0352],[I0348]
[I0354],[I0165]
[I0354],[I0228]
[I0354],[I2671]
[I0354],[I2677]
[I0356],[I0354]
[I0358],[I0022]
[I0358],[I0497]
[I0358],[I0498]
[I0358],[I0499]
[I0361],[I0207]
[I0363],[I0208]
[I0365],[I0183]
[I0367],[I0239]
[I0369],[I0093]
[I0371],[I0368]
[I0373],[I0371]
[I0375],[I0373]
[I0377],[I0372]
[I0379],[I0370]
[I0381],[I0379]
[I0383],[I0378]
[I0385],[I0367]
[I0385],[I1713]
[I0385],[I1714]
[I0387],[I0384]
[I0389],[I0385]
[I0391],[I0369]
[I0393],[I0390]
[I0395],[I0391]
[I0397],[I1733]
[I0397],[I0366]
[I0397],[I1734]
[I0399],[I0396]
[I0401],[I0397]
[I0402],[I0420]
[I0402],[I0421]
[I0402],[I0422]
[I0402],[I0423]
[I0402],[I0424]
[I0402],[I0425]
[I0402],[I0426]
[I0076],[I0439]
[I0076],[I0234]
[I0076],[I0233]
[I0076],[I0232]
[I0076],[I0231]
[I0076],[I0230]
[I0408],[I0509]
[I0027],[I0430]
[I0027],[I0591]
[I0027],[I0433]
[I0027],[I2642]
[I0027],[I0431]
[I0027],[I0432]
[I0027],[I2643]
[I0410],[I0511]
[I0410],[I0411]
[I0410],[I0412]
[I0410],[I0043]
[I0410],[I0413]
[I0410],[I0414]
[I0410],[I2654]
[I0410],[I0416]
[I0410],[I1029]
[I0410],[I0418]
[I0427],[I0428]
[I0427],[I0020]
[I0434],[I0592]
[I0434],[I0435]
[I0434],[I0593]
[I0434],[I0594]
[I0436],[I0475]
[I0436],[I0874]
[I0436],[I0875]
[I0441],[I0442]
[I0441],[I0443]
[I0441],[I0444]
[I0451],[I0958]
[I0451],[I0959]
[I0451],[I0452]
[I0453],[I0454]
[I0453],[I0455]
[I0457],[I0124]
[I0457],[I1408]
[I0457],[I0446]
[I0459],[I0456]
[I0459],[I2770]
[I0459],[I0597]
[I0459],[I2771]
[I0460],[I0461]
[I0460],[I0462]
[I0463],[I2629]
[I0463],[I2630]
[I0463],[I2631]
[I0233],[I0468]
[I0469],[I0972]
[I0469],[I0973]
[I0469],[I0974]
[I0469],[I0975]
[I0469],[I0976]
[I0470],[I0441]
[I0470],[I0471]
[I0470],[I1064]
[I0472],[I0609]
[I0472],[I1060]
[I0472],[I1061]
[I0472],[I1062]
[I0472],[I1063]
[I0473],[I0474]
[I0474],[I0877]
[I0147],[I0478]
[I0148],[I0480]
[I0476],[I0483]
[I0485],[I0303]
[I0485],[I0595]
[I0485],[I0356]
[I0494],[I0500]
[I0494],[I0501]
[I0502],[I0503]
[I0502],[I0504]
[I0500],[I0506]
[I0501],[I0508]
[I0514],[I1704]
[I2654],[I1213]
[I0518],[I0519]
[I0518],[I0520]
[I0518],[I0521]
[I0518],[I0522]
[I0518],[I0523]
[I0518],[I0524]
[I0525],[I0526]
[I0525],[I0527]
[I0528],[I0921]
[I0528],[I0922]
[I0528],[I0923]
[I0528],[I0924]
[I0528],[I0925]
[I0528],[I0534]
[I0528],[I0535]
[I0537],[I0538]
[I0537],[I0539]
[I0540],[I0541]
[I0540],[I0542]
[I0540],[I0543]
[I0540],[I0544]
[I0540],[I0545]
[I0426],[I1030]
[I0426],[I1031]
[I0426],[I0470]
[I0426],[I1033]
[I0426],[I1034]
[I0426],[I1035]
[I0554],[I0555]
[I0556],[I0162]
[I0556],[I0557]
[I0556],[I0558]
[I0556],[I0559]
[I0556],[I0560]
[I0556],[I0561]
[I0556],[I0562]
[I0556],[I0563]
[I0559],[I0652]
[I0559],[I0653]
[I0559],[I1681]
[I0559],[I1682]
[I0569],[I0553]
[I0569],[I0570]
[I0569],[I0571]
[I0569],[I0572]
[I0575],[I0576]
[I0575],[I0485]
[I0577],[I0578]
[I0579],[I0580]
[I0579],[I0459]
[I0581],[I0582]
[I0583],[I0584]
[I0584],[I0586]
[I0097],[I0895]
[I0097],[I0528]
[I0097],[I0588]
[I0589],[I0899]
[I0598],[I2829]
[I0598],[I0451]
[I0598],[I0599]
[I0598],[I2738]
[I0599],[I1123]
[I0599],[I0601]
[I0599],[I1124]
[I0602],[I2526]
[I0602],[I2527]
[I0602],[I2528]
[I0602],[I2529]
[I0602],[I0603]
[I0605],[I0606]
[I0605],[I0071]
[I0605],[I2697]
[I0605],[I1664]
[I0605],[I0598]
[I0605],[I1665]
[I0605],[I1666]
[I0605],[I1667]
[I0607],[I0608]
[I0607],[I1671]
[I1612],[I2446]
[I1612],[I2447]
[I1612],[I2729]
[I0612],[I0613]
[I0612],[I0614]
[I0614],[I0616]
[I0617],[I0618]
[I0617],[I0619]
[I0619],[I0621]
[I0622],[I0623]
[I0624],[I0625]
[I0624],[I0626]
[I0627],[I0628]
[I0628],[I0630]
[I0630],[I0632]
[I0633],[I0634]
[I0634],[I0636]
[I0626],[I1154]
[I0626],[I1155]
[I0626],[I1156]
[I0626],[I1157]
[I0626],[I0638]
[I0626],[I1158]
[I0626],[I1159]
[I0638],[I0646]
[I0642],[I0643]
[I0644],[I0645]
[I0647],[I0640]
[I0647],[I0641]
[I0641],[I0649]
[I0324],[I0650]
[I0324],[I0575]
[I0651],[I2653]
[I0651],[I0565]
[I0651],[I2655]
[I0654],[I0655]
[I0654],[I1689]
[I0654],[I1690]
[I0654],[I1691]
[I0654],[I1692]
[I0656],[I0657]
[I0657],[I0659]
[I0659],[I0661]
[I0659],[I1204]
[I0659],[I1205]
[I0659],[I1206]
[I0662],[I0663]
[I0664],[I0665]
[I0665],[I0667]
[I0667],[I0669]
[I0670],[I0671]
[I0671],[I0673]
[I0674],[I0675]
[I0675],[I0677]
[I0679],[I0680]
[I0681],[I0682]
[I0682],[I2634]
[I0682],[I2635]
[I0682],[I0409]
[I0595],[I0685]
[I0685],[I0687]
[I0687],[I0689]
[I0690],[I1183]
[I0690],[I1184]
[I0690],[I0691]
[I0690],[I1185]
[I0693],[I0694]
[I0693],[I0695]
[I0693],[I0696]
[I0693],[I0697]
[I0693],[I0698]
[I0693],[I0699]
[I0693],[I0700]
[I0693],[I0701]
[I0693],[I0702]
[I0693],[I0703]
[I0693],[I0704]
[I0693],[I0705]
[I0707],[I0708]
[I0707],[I0709]
[I0707],[I0710]
[I0707],[I0693]
[I0707],[I0711]
[I0707],[I0712]
[I0707],[I0713]
[I0707],[I0714]
[I0715],[I0716]
[I0715],[I0717]
[I0715],[I0718]
[I0715],[I0719]
[I0715],[I0720]
[I0721],[I0722]
[I0721],[I0723]
[I0726],[I0727]
[I0726],[I0728]
[I0726],[I0729]
[I0726],[I0730]
[I0726],[I0731]
[I0726],[I0732]
[I0726],[I0733]
[I0726],[I0734]
[I0728],[I2114]
[I0728],[I0765]
[I0728],[I0766]
[I0728],[I0767]
[I0728],[I0768]
[I0728],[I2115]
[I0728],[I2116]
[I0728],[I2117]
[I0728],[I2118]
[I0728],[I2119]
[I0728],[I0736]
[I0736],[I0341]
[I0736],[I2123]
[I0736],[I2124]
[I0736],[I2125]
[I0736],[I2126]
[I0736],[I0770]
[I0736],[I0771]
[I0771],[I1177]
[I0771],[I1178]
[I0771],[I0761]
[I0738],[I0726]
[I0738],[I1627]
[I0738],[I2860]
[I0738],[I2861]
[I0738],[I2862]
[I0744],[I0757]
[I0739],[I0742]
[I0739],[I0743]
[I0739],[I0744]
[I0739],[I0706]
[I0739],[I0745]
[I0739],[I0746]
[I0739],[I0747]
[I0739],[I0748]
[I0739],[I0749]
[I0741],[I0529]
[I0741],[I0896]
[I0741],[I2913]
[I0741],[I0590]
[I0741],[I0739]
[I0749],[I0951]
[I0749],[I2128]
[I0754],[I0752]
[I0756],[I0715]
[I0760],[I0219]
[I0762],[I0290]
[I0762],[I2146]
[I0340],[I1617]
[I0340],[I1653]
[I0774],[I0775]
[I0774],[I0776]
[I0774],[I0828]
[I0774],[I0829]
[I0774],[I0830]
[I0774],[I0831]
[I0774],[I0832]
[I0778],[I0401]
[I0780],[I0399]
[I0782],[I0398]
[I0784],[I0400]
[I0786],[I0387]
[I0787],[I0386]
[I0790],[I0388]
[I0791],[I0389]
[I0794],[I0392]
[I0796],[I0393]
[I0798],[I0394]
[I0800],[I0395]
[I1607],[I0069]
[I0806],[I0243]
[I0241],[I0808]
,[I0807]
[I0812],[I0813]
[I0812],[I0169]
[I2947],[I0811]
,[I0814]
[I0817],[I0815]
,[I0816]
,[I0818]
[I0821],[I0170]
[I0822],[I0826]
[I0822],[I2959]
[I0776],[I0835]
[I0830],[I1426]
[I0830],[I1427]
[I0830],[I1428]
[I0833],[I0842]
[I0833],[I0843]
[I0833],[I0844]
[I0833],[I0845]
[I0833],[I0846]
[I0833],[I0847]
[I0841],[I2887]
[I0841],[I2889]
[I0841],[I2100]
[I0841],[I2888]
[I0841],[I0833]
[I0848],[I0849]
[I0848],[I0850]
[I0851],[I0852]
[I0855],[I0853]
[I0858],[I0856]
[I0861],[I0851]
[I0859],[I0867]
[I0866],[I0859]
[I0866],[I2309]
[I0872],[I0870]
[I0878],[I0879]
[I0878],[I0880]
[I0878],[I0881]
[I0882],[I0883]
[I0882],[I0884]
[I0885],[I0886]
[I0887],[I0888]
[I0887],[I0889]
[I0890],[I0891]
[I0890],[I0892]
[I2920],[I1422]
[I0899],[I0901]
[I0895],[I0903]
[I0895],[I0904]
[I0895],[I0890]
[I0895],[I0905]
[I0895],[I0906]
[I0895],[I0907]
[I0908],[I0909]
[I0908],[I0910]
[I0908],[I0911]
[I0908],[I0912]
[I0914],[I0915]
[I0906],[I0917]
[I0906],[I0918]
[I0906],[I0919]
[I0532],[I1366]
[I0926],[I0927]
[I0928],[I0929]
[I0928],[I0930]
[I0931],[I0932]
[I0931],[I0933]
[I0934],[I0935]
[I0936],[I0937]
[I0936],[I0938]
[I0936],[I0939]
[I0940],[I0941]
[I0940],[I0942]
[I0940],[I0943]
[I0940],[I0944]
[I0945],[I0946]
[I0945],[I0947]
[I0948],[I0949]
[I0948],[I0950]
[I0952],[I0954]
[I0955],[I0956]
[I0955],[I0957]
[I0959],[I0961]
[I0959],[I0962]
[I0959],[I0963]
[I0959],[I0964]
[I0959],[I0965]
[I0958],[I0967]
[I0958],[I0968]
[I0958],[I0969]
[I0971],[I1057]
[I0973],[I0978]
[I0974],[I0980]
,[I0111]
[I0985],[I0986]
[I1339],[I1340]
[I1339],[I0985]
[I0989],[I0991]
[I0989],[I0992]
[I0989],[I0993]
[I0989],[I0984]
[I0989],[I0994]
[I0989],[I0995]
[I0989],[I0996]
[I0989],[I0997]
[I1331],[I1342]
[I1331],[I0989]
[I0998],[I0774]
[I0998],[I0999]
[I0998],[I1000]
[I0998],[I1001]
[I0998],[I1002]
[I0998],[I1003]
[I0998],[I1004]
[I0998],[I1005]
[I0998],[I1006]
[I0998],[I1007]
[I0998],[I1014]
[I0998],[I1015]
[I1340],[I1018]
[I1340],[I1019]
[I1024],[I0988]
[I1024],[I1025]
[I1028],[I0605]
[I1029],[I1028]
[I1029],[I0512]
[I1029],[I1683]
[I1029],[I1684]
[I1032],[I2711]
[I1032],[I2712]
[I1037],[I2706]
[I1037],[I2707]
[I1037],[I2708]
[I1038],[I1039]
[I1038],[I1040]
[I1038],[I1041]
[I1038],[I1042]
[I1038],[I1043]
[I1038],[I1044]
[I1046],[I1047]
[I1046],[I1048]
[I1049],[I1050]
[I1054],[I0469]
[I1056],[I0971]
[I1059],[I0610]
[I1059],[I1672]
[I1059],[I0472]
[I1066],[I0473]
[I1068],[I0247]
[I1069],[I1070]
[I1069],[I1071]
[I1069],[I1072]
[I1069],[I1073]
[I1075],[I1076]
[I1075],[I1077]
[I1078],[I1079]
[I1078],[I1080]
[I1078],[I1081]
[I1084],[I1085]
[I1084],[I1086]
[I1084],[I1087]
[I1084],[I1088]
[I1084],[I1089]
[I1079],[I1090]
[I1091],[I1092]
[I1091],[I1093]
[I1100],[I1101]
[I1100],[I0309]
[I1100],[I1102]
[I1105],[I1099]
[I1105],[I1106]
[I1105],[I1107]
[I1105],[I1108]
[I1105],[I1109]
[I1105],[I1110]
[I1110],[I1115]
[I1110],[I1116]
[I1110],[I1117]
[I1110],[I1103]
[I1110],[I1118]
[I1119],[I0600]
[I1119],[I1120]
[I1119],[I1121]
[I1127],[I1128]
[I1127],[I1129]
[I1127],[I1130]
[I1132],[I1133]
[I1132],[I1134]
[I1132],[I1135]
[I1137],[I1138]
[I1137],[I1139]
[I1137],[I1140]
[I1137],[I1074]
[I1137],[I1141]
[I1142],[I1143]
[I1142],[I0495]
[I1142],[I1148]
[I1142],[I1149]
[I1142],[I1150]
[I1142],[I1151]
[I1142],[I1152]
[I1142],[I1153]
[I1144],[I1145]
[I1144],[I1146]
[I0343],[I1160]
[I0343],[I1161]
[I0343],[I1162]
[I0343],[I1163]
[I0343],[I1164]
[I0343],[I1165]
[I0343],[I1166]
[I0343],[I1167]
[I0343],[I1168]
[I0343],[I0568]
[I0343],[I1169]
[I0343],[I1170]
[I0343],[I1171]
[I1173],[I1174]
[I1173],[I1175]
[I1179],[I0688]
[I1179],[I1180]
[I1179],[I1181]
[I1179],[I1182]
[I1186],[I1187]
[I1186],[I1188]
[I1186],[I1189]
[I1186],[I1190]
[I1186],[I1191]
[I1186],[I1192]
[I1158],[I1194]
[I1158],[I1195]
[I1158],[I1196]
[I1158],[I1197]
[I1158],[I1198]
[I1158],[I1199]
[I1158],[I1200]
[I1158],[I1201]
[I1202],[I1119]
[I1202],[I0690]
[I0661],[I1208]
[I0661],[I1209]
[I0661],[I1210]
[I1212],[I1207]
[I1214],[I0658]
[I0198],[I0740]
[I1077],[I1678]
[I1077],[I1679]
[I1077],[I1680]
[I1218],[I1016]
[I1220],[I1217]
[I1222],[I1223]
[I1222],[I1219]
[I1222],[I1224]
[I1222],[I1225]
[I1222],[I1226]
[I1222],[I1227]
[I1222],[I1228]
[I1230],[I1231]
[I1230],[I1232]
[I1230],[I1233]
[I1230],[I1234]
[I1230],[I1235]
[I1230],[I1236]
[I1230],[I1237]
[I1230],[I1238]
[I1230],[I1239]
[I1230],[I1240]
[I1230],[I1241]
[I1230],[I1242]
[I1243],[I1501]
[I1243],[I1502]
[I1243],[I1221]
[I1244],[I0683]
[I2874],[I1244]
[I1247],[I0725]
[I1251],[I1247]
[I1469],[I0834]
[I1469],[I2867]
[I1469],[I2868]
[I1255],[I0773]
[I2546],[I0838]
[I1262],[I1263]
[I1262],[I1264]
[I1262],[I1265]
[I1262],[I1266]
[I1262],[I1267]
[I1262],[I1268]
[I1262],[I1269]
[I1262],[I1270]
[I1262],[I1271]
[I1262],[I1272]
[I1262],[I1273]
[I1262],[I1274]
[I1262],[I0286]
[I1262],[I1275]
[I1262],[I1276]
[I1277],[I1278]
[I1277],[I1279]
[I1277],[I1280]
[I1282],[I1261]
[I1282],[I1283]
[I1282],[I1284]
[I1282],[I1285]
[I1282],[I1286]
[I1282],[I1287]
[I1282],[I1288]
[I1282],[I1289]
[I1282],[I1290]
[I1292],[I0781]
[I1295],[I1296]
[I1295],[I0654]
[I1295],[I0042]
[I1297],[I1298]
[I1299],[I1294]
[I1302],[I1303]
[I1302],[I1304]
[I1303],[I1300]
[I1305],[I1306]
[I1307],[I1308]
[I1310],[I1325]
[I1310],[I1324]
[I1310],[I1311]
[I1313],[I1309]
[I1314],[I1301]
[I1315],[I1316]
[I1317],[I1319]
[I1317],[I1318]
[I1319],[I1321]
[I1321],[I1323]
[I2662],[I1314]
[I1328],[I1329]
[I1328],[I1330]
[I1328],[I1331]
[I1328],[I1437]
[I1595],[I1333]
[I1595],[I1334]
[I1595],[I1335]
[I1595],[I1465]
[I1595],[I2079]
[I1336],[I1255]
[I1337],[I1023]
[I1337],[I1338]
[I1337],[I2294]
[I0530],[I0741]
,[I0987]
[I1343],[I2071]
[I1343],[I1603]
[I1343],[I2072]
[I1343],[I2073]
[I1345],[I1346]
[I1345],[I2280]
[I1345],[I1024]
[I1345],[I2281]
[I1348],[I1344]
[I1348],[I2283]
[I1348],[I2284]
[I1348],[I2285]
[I1220],[I1353]
[I1220],[I1254]
[I1354],[I0502]
[I1354],[I1360]
[I1356],[I1357]
[I1356],[I1358]
[I1356],[I1359]
[I0333],[I0143]
[I1366],[I1281]
[I1366],[I1367]
[I1366],[I1368]
[I1366],[I1369]
[I1366],[I1370]
[I1372],[I1373]
[I1372],[I1374]
[I1372],[I1375]
[I1372],[I1376]
[I1372],[I1377]
[I1372],[I1378]
[I1372],[I1379]
[I1372],[I1364]
[I1381],[I1382]
[I1381],[I1383]
[I1381],[I1384]
[I1381],[I1385]
[I1381],[I1386]
[I1381],[I1387]
[I1381],[I1388]
[I1381],[I1389]
[I1381],[I1390]
[I1381],[I1391]
[I1392],[I1393]
[I1392],[I2957]
[I1392],[I1394]
[I1392],[I1395]
[I1392],[I2224]
[I1398],[I1399]
[I1398],[I1400]
[I1398],[I1401]
[I1398],[I1402]
[I1398],[I1403]
[I1395],[I1371]
[I1395],[I1866]
[I1395],[I1867]
[I1406],[I1407]
[I1355],[I1409]
[I1410],[I1411]
[I1410],[I1412]
[I1416],[I2065]
[I1418],[I1348]
[I0496],[I0248]
[I0920],[I1341]
[I0920],[I0751]
[I1017],[I0920]
[I1017],[I2131]
[I1017],[I2417]
[I1420],[I2423]
[I1423],[I0894]
[I1425],[I1703]
[I1425],[I1700]
[I1425],[I1701]
[I1425],[I1702]
[I1427],[I0868]
[I1427],[I2106]
[I1427],[I2107]
[I1431],[I1249]
[I1431],[I1433]
[I0776],[I1431]
[I1434],[I1435]
[I1196],[I1439]
[I1196],[I1440]
[I1196],[I1441]
[I1448],[I1449]
[I1450],[I1451]
[I1449],[I1455]
[I1456],[I1457]
[I1456],[I1458]
[I1456],[I1459]
[I1456],[I1460]
[I1456],[I1821]
[I1461],[I1462]
[I1461],[I1463]
[I1465],[I1466]
[I1467],[I1252]
[I1467],[I1470]
[I1467],[I1471]
[I1467],[I1472]
[I1829],[I1450]
[I1472],[I1475]
[I1472],[I1476]
[I1475],[I1478]
[I1479],[I1432]
[I1479],[I1480]
[I1481],[I1482]
[I1483],[I2866]
[I1485],[I1486]
[I1465],[I1488]
[I1465],[I1489]
[I1465],[I1490]
[I1491],[I1492]
[I1493],[I1494]
[I1495],[I1496]
[I1495],[I1497]
[I1498],[I1499]
[I1500],[I1243]
[I1504],[I1744]
[I1506],[I1507]
[I1506],[I1873]
[I1505],[I1410]
[I1512],[I1513]
[I1512],[I1514]
[I1512],[I1392]
[I1512],[I1515]
[I1512],[I1516]
[I1388],[I1860]
[I1388],[I1518]
[I1388],[I1519]
[I1388],[I1397]
[I1388],[I1861]
[I1378],[I1747]
[I1526],[I1380]
[I1528],[I1529]
[I1528],[I1525]
[I1531],[I1527]
[I1531],[I1532]
[I1532],[I1767]
[I1532],[I1534]
[I1537],[I1538]
[I1537],[I1535]
[I1539],[I1540]
[I1542],[I1753]
[I1542],[I1754]
[I1542],[I1543]
[I1542],[I1755]
[I1542],[I1756]
[I1542],[I1757]
[I1542],[I1758]
[I1542],[I1759]
[I1542],[I1760]
[I1542],[I1761]
[I1542],[I1762]
[I1544],[I1764]
[I1544],[I1545]
[I1546],[I1512]
[I1546],[I1547]
[I1546],[I1766]
[I1549],[I1550]
[I1549],[I1551]
[I1532],[I1552]
[I1532],[I1768]
[I1526],[I1554]
[I1526],[I1555]
[I1516],[I1398]
[I0156],[I1560]
[I0156],[I1561]
[I1569],[I1570]
[I1569],[I1571]
[I1569],[I1572]
[I1573],[I1574]
[I1571],[I1576]
[I1571],[I1577]
[I1572],[I1579]
[I1572],[I1580]
[I1370],[I1147]
[I0596],[I1882]
[I1582],[I1887]
[I1582],[I1888]
[I1283],[I2234]
[I1603],[I1026]
[I0330],[I1736]
[I0330],[I0301]
,[I1605]
[I0610],[I1610]
[I0610],[I1611]
[I1614],[I1027]
[I1614],[I0458]
[I1616],[I1613]
[I1618],[I1642]
[I1618],[I1655]
[I1618],[I1656]
[I1618],[I1657]
[I1618],[I1658]
[I1618],[I1659]
[I1618],[I1660]
[I1618],[I1650]
[I1619],[I1643]
[I1621],[I0344]
[I1621],[I2850]
[I1623],[I1620]
[I1626],[I1622]
[I1626],[I2854]
[I1626],[I2855]
[I1628],[I1630]
[I1631],[I1625]
[I1631],[I2856]
[I1631],[I2857]
[I1631],[I0692]
[I1631],[I2858]
[I1633],[I0737]
[I1635],[I1632]
[I1640],[I1618]
[I1640],[I0346]
[I1644],[I1645]
[I1644],[I0299]
[I1644],[I1646]
[I1647],[I1649]
[I1653],[I1648]
[I1669],[I2699]
[I1669],[I1670]
[I1669],[I2700]
[I1669],[I2701]
[I1669],[I2702]
[I1670],[I1674]
[I1670],[I1675]
[I1670],[I1676]
,[I0322]
[I0245],[I1697]
[I0245],[I1698]
[I0245],[I1114]
[I0245],[I1699]
[I1707],[I2152]
[I1707],[I2153]
[I1707],[I2154]
,[I0792]
[I1718],[I1716]
,[I1717]
,[I1719]
,[I1721]
,[I0787]
[I1723],[I1722]
[I1721],[I1723]
[I1724],[I1718]
[I1725],[I1724]
[I1727],[I1725]
,[I0789]
,[I0782]
,[I1728]
[I1730],[I1731]
,[I1291]
[I2485],[I1903]
[I2485],[I1277]
[I2482],[I1739]
[I1742],[I1740]
[I1742],[I1894]
[I1742],[I2481]
[I1742],[I2484]
,[I1742]
,[I1749]
,[I1262]
,[I1520]
[I1750],[I1751]
,[I1542]
,[I1452]
,[I1765]
,[I1546]
,[I1770]
,[I1539]
,[I1549]
[I1777],[I1548]
,[I1777]
[I1780],[I1784]
[I1780],[I1533]
[I1781],[I1782]
,[I1781]
,[I1780]
[I1787],[I1788]
[I1787],[I1779]
,[I1790]
[I1793],[I1786]
[I1793],[I1794]
[I1793],[I1795]
[I1793],[I1796]
[I1798],[I1799]
[I1798],[I1800]
[I1802],[I1803]
[I1802],[I1804]
[I1802],[I1805]
[I1802],[I1806]
[I1802],[I1807]
[I1802],[I1808]
[I1802],[I1809]
[I1802],[I1810]
,[I1251]
[I2440],[I1429]
[I2440],[I2438]
[I1817],[I2441]
[I1817],[I1816]
,[I1448]
,[I1456]
,[I1464]
,[I1461]
,[I1467]
[I1828],[I1469]
[I1828],[I1468]
[I1828],[I1634]
[I1831],[I1447]
[I1831],[I2869]
[I1831],[I2870]
[I1831],[I2871]
[I1831],[I2872]
[I1831],[I2873]
[I1833],[I1830]
,[I1833]
[I1836],[I1832]
[I1838],[I1842]
[I1838],[I1836]
,[I1838]
,[I1453]
[I1844],[I1846]
[I1847],[I1849]
,[I1847]
,[I1381]
[I1851],[I1853]
,[I1851]
,[I1396]
,[I1856]
,[I1858]
,[I1854]
,[I1862]
,[I1864]
,[I1372]
[I1372],[I1510]
,[I1523]
,[I1521]
,[I1508]
,[I1506]
,[I1365]
,[I1282]
,[I0596]
,[I1582]
,[I1583]
,[I1889]
[I1747],[I1746]
,[I1587]
[I1895],[I1495]
,[I1896]
,[I1504]
,[I1593]
,[I1505]
[I2486],[I2464]
[I2486],[I0127]
[I2486],[I2465]
[I2486],[I1743]
,[I1349]
,[I1904]
,[I1905]
,[I1906]
[I1909],[I1907]
[I1911],[I1908]
[I1956],[I1957]
[I1956],[I1958]
[I1956],[I1911]
[I1956],[I1959]
,[I0361]
[I1916],[I1917]
[I1916],[I1914]
,[I1916]
[I1842],[I1844]
[I2216],[I1909]
,[I1919]
[I1921],[I1912]
[I1923],[I1921]
[I1925],[I1923]
[I1927],[I1925]
[I1539],[I1927]
[I1931],[I1928]
[I1931],[I1933]
,[I1931]
,[I1934]
,[I2185]
,[I1935]
,[I1936]
,[I1939]
,[I1937]
[I1941],[I1942]
[I1941],[I1943]
[I1941],[I1944]
,[I1940]
,[I1947]
,[I1945]
,[I1946]
,[I1948]
,[I1949]
,[I1951]
,[I1950]
,[I1952]
,[I1913]
[I1954],[I1955]
[I1954],[I1953]
,[I1960]
,[I1961]
[I1965],[I1792]
[I1965],[I1982]
[I1965],[I1985]
[I1965],[I1986]
[I1965],[I1987]
[I1967],[I1968]
[I1967],[I1969]
[I1967],[I1971]
[I1967],[I1977]
[I1967],[I1972]
[I1967],[I1964]
[I1974],[I1966]
[I1974],[I1975]
,[I1967]
,[I1978]
,[I1979]
,[I1965]
,[I1983]
,[I1984]
[I1768],[I1990]
,[I1992]
,[I1993]
,[I1994]
,[I1991]
,[I2019]
,[I1995]
,[I1996]
,[I1997]
,[I1998]
,[I1999]
,[I2000]
,[I2001]
,[I2002]
,[I2003]
,[I2004]
,[I2005]
,[I2006]
,[I2007]
,[I2008]
,[I2009]
,[I2010]
,[I2011]
,[I2012]
,[I2013]
,[I2014]
,[I2015]
,[I2016]
,[I2017]
[I2019],[I2020]
[I2019],[I2021]
,[I2022]
,[I2023]
,[I2024]
,[I2025]
,[I2026]
,[I2027]
,[I2028]
,[I2029]
,[I2030]
,[I2031]
,[I2032]
,[I2033]
,[I2037]
,[I2038]
,[I2039]
,[I2040]
,[I2041]
,[I2042]
,[I2043]
,[I2044]
,[I2045]
,[I2046]
,[I2050]
,[I2051]
,[I2052]
,[I2047]
,[I1973]
,[I2054]
,[I2055]
,[I2056]
,[I2048]
,[I1230]
[I1410],[I1595]
,[I1418]
,[I1347]
,[I1416]
,[I1328]
,[I1337]
,[I2066]
,[I2067]
,[I1343]
,[I1222]
[I2074],[I1414]
[I2074],[I1220]
[I2074],[I2537]
,[I2077]
[I2081],[I2083]
[I2081],[I2084]
[I2081],[I2085]
[I2081],[I2086]
[I2081],[I2087]
[I2081],[I2088]
[I2081],[I2089]
[I2081],[I2090]
,[I2081]
,[I1434]
[I2337],[I2338]
[I2337],[I2339]
[I2337],[I0848]
,[I2102]
[I1428],[I2334]
[I2106],[I2109]
[I2106],[I2110]
[I2112],[I1436]
[I2112],[I2396]
[I2112],[I2397]
[I2112],[I2398]
,[I2112]
[I0769],[I2415]
,[I0769]
,[I0707]
[I2416],[I2130]
[I2416],[I2421]
[I0896],[I1420]
[I2133],[I2136]
[I2135],[I2132]
,[I0721]
,[I2137]
,[I0724]
[I2141],[I0342]
[I2143],[I0332]
,[I0762]
[I2148],[I0131]
,[I0126]
[I2156],[I2158]
[I2156],[I2159]
,[I0494]
,[I0408]
[I0509],[I2165]
[I1959],[I2167]
[I2167],[I2169]
,[I2170]
,[I2171]
,[I2172]
[I2172],[I2174]
,[I1352]
,[I2173]
,[I2175]
,[I2176]
[I2179],[I2177]
,[I2179]
,[I2180]
,[I2181]
,[I2182]
,[I2183]
,[I2184]
,[I1918]
[I2188],[I2186]
[I2190],[I2188]
,[I2190]
,[I2191]
,[I2192]
,[I2193]
,[I2194]
,[I2195]
,[I2196]
,[I2197]
,[I2198]
,[I2199]
,[I2200]
,[I2201]
,[I2202]
,[I2203]
,[I2204]
[I2207],[I2205]
,[I2206]
,[I2208]
,[I2209]
,[I2210]
,[I2211]
,[I2213]
[I2213],[I2215]
[I2218],[I2216]
[I2220],[I2218]
,[I2220]
,[I2207]
,[I2221]
,[I2222]
,[I2223]
[I2302],[I0779]
[I2225],[I2237]
,[I2225]
[I2227],[I2228]
[I2229],[I2230]
[I2229],[I2231]
[I2229],[I1837]
[I2232],[I1886]
[I2233],[I1585]
[I2234],[I2236]
[I2240],[I1511]
[I2240],[I2241]
[I2243],[I2239]
[I2245],[I2246]
,[I2243]
,[I2248]
,[I2249]
,[I2253]
,[I2250]
,[I2251]
,[I2254]
,[I2245]
,[I2255]
,[I2256]
,[I2257]
,[I2258]
,[I2259]
,[I2252]
,[I2260]
,[I2262]
[I2262],[I2264]
,[I2261]
,[I2266]
,[I1601]
,[I1598]
,[I1596]
,[I1327]
[I1327],[I0998]
,[I1218]
[I2549],[I1628]
,[I1345]
,[I1445]
,[I1413]
,[I1444]
[I2304],[I2301]
[I2306],[I2304]
[I2308],[I2305]
[I2311],[I2312]
[I2311],[I2313]
[I2311],[I2314]
[I2311],[I0869]
[I2311],[I2315]
[I2311],[I2316]
[I2311],[I2317]
[I2311],[I2318]
[I2321],[I2324]
[I2339],[I2394]
[I2339],[I2403]
[I2342],[I2343]
[I2342],[I2337]
[I2342],[I0857]
[I2345],[I2355]
[I2345],[I2356]
[I2345],[I2357]
[I2347],[I2348]
[I2347],[I2349]
[I2347],[I2350]
[I2358],[I2359]
[I2358],[I2360]
[I2358],[I2361]
[I2358],[I2362]
[I2358],[I2363]
[I2366],[I2367]
[I2368],[I2369]
[I2371],[I2372]
[I2371],[I2387]
[I2374],[I2375]
[I2374],[I2376]
[I2374],[I2377]
[I2374],[I2378]
[I2374],[I2379]
[I2393],[I2327]
[I2393],[I2108]
[I2393],[I2319]
[I2403],[I2406]
[I2403],[I2407]
[I2403],[I2331]
[I2403],[I2408]
[I2403],[I2409]
[I2417],[I2416]
[I2417],[I2420]
,[I2418]
[I2421],[I2427]
[I2422],[I2430]
[I2422],[I2431]
[I2425],[I2880]
[I2882],[I2426]
[I2882],[I2424]
[I2882],[I2507]
[I2427],[I2429]
[I2432],[I2434]
,[I2432]
[I2614],[I2973]
[I2614],[I2974]
[I2614],[I2975]
[I2614],[I0139]
[I2614],[I0205]
[I2614],[I0138]
[I2614],[I1696]
[I2439],[I1248]
[I2439],[I2522]
[I2439],[I2523]
[I2436],[I1614]
,[I1438]
[I2443],[I0841]
[I2445],[I1612]
[I2449],[I2901]
[I2449],[I2902]
[I2449],[I2903]
,[I2449]
[I2477],[I1741]
[I2487],[I2466]
[I2453],[I2469]
[I2453],[I1869]
[I2453],[I2470]
[I2453],[I2471]
[I2453],[I2472]
[I2453],[I2473]
[I2453],[I2474]
[I2455],[I2452]
[I2535],[I2454]
[I2459],[I2460]
[I2459],[I2457]
[I2459],[I2533]
,[I2458]
,[I1557]
,[I2467]
[I2476],[I2451]
[I2479],[I2480]
,[I2482]
,[I2487]
,[I2488]
,[I2494]
,[I2520]
[I2496],[I2498]
[I2500],[I2075]
[I2500],[I2501]
[I2500],[I2502]
[I2500],[I2503]
,[I1423]
[I0587],[I1424]
[I0587],[I0898]
[I0587],[I0897]
[I0587],[I2506]
[I2508],[I2509]
[I2508],[I2510]
[I1705],[I0245]
[I2514],[I2511]
,[I2513]
,[I2515]
[I2919],[I2516]
[I2919],[I2921]
[I2519],[I2499]
[I2519],[I2518]
,[I2524]
[I2531],[I2532]
[I2531],[I0440]
[I2536],[I2534]
[I2538],[I2540]
[I2539],[I2538]
[I2542],[I2544]
[I2542],[I2543]
[I2548],[I2440]
[I2550],[I2551]
[I2550],[I2552]
[I2550],[I2553]
[I2550],[I2554]
[I2557],[I2565]
[I2558],[I2560]
[I2558],[I2561]
[I2558],[I2562]
[I2558],[I2563]
[I2559],[I2564]
[I2566],[I2567]
[I2566],[I2568]
[I2566],[I2569]
,[I2570]
[I2571],[I2572]
[I2571],[I2573]
[I2571],[I2574]
[I2575],[I2576]
[I2575],[I2577]
[I2575],[I2578]
[I2575],[I2579]
[I2580],[I2581]
[I2580],[I2582]
[I2583],[I2584]
[I2585],[I2604]
[I2586],[I2587]
[I2587],[I2589]
[I2592],[I2593]
[I2594],[I2595]
[I2594],[I2596]
[I2594],[I2597]
[I2597],[I2599]
[I2600],[I2601]
[I2600],[I2602]
[I2600],[I2603]
[I2603],[I2605]
[I2603],[I2606]
,[I2607]
,[I2608]
[I2610],[I0417]
[I2610],[I2611]
,[I2609]
[I2896],[I2614]
[I2615],[I2616]
,[I0358]
,[I0489]
,[I2625]
,[I0464]
[I2637],[I0434]
[I2650],[I2648]
[I2652],[I1214]
[I2659],[I1313]
[I2661],[I1312]
[I2664],[I2662]
[I2668],[I2669]
[I2668],[I2670]
[I2668],[I2674]
[I2668],[I2675]
[I2668],[I2672]
[I2678],[I2681]
[I2679],[I2684]
[I2679],[I2685]
[I2679],[I2686]
,[I2679]
,[I0157]
,[I0589]
,[I2687]
[I2690],[I1295]
[I2692],[I1299]
[I2839],[I2693]
[I2839],[I2842]
,[I1828]
[I2696],[I0607]
,[I0453]
[I2526],[I2714]
[I2526],[I2715]
[I2526],[I2716]
[I2527],[I2718]
[I2527],[I2719]
[I2527],[I2720]
[I2528],[I2722]
[I2528],[I2723]
[I2528],[I2724]
[I2529],[I2726]
[I2529],[I2727]
[I2529],[I2728]
[I2733],[I2740]
[I2734],[I2742]
[I2734],[I2743]
[I2736],[I2745]
[I2736],[I2746]
[I2736],[I2747]
[I2736],[I2748]
[I2737],[I2767]
[I2737],[I2768]
[I2737],[I2769]
[I2745],[I2750]
[I2745],[I2751]
[I2745],[I2752]
[I2745],[I2753]
[I2745],[I2754]
[I2746],[I2756]
[I2746],[I2757]
[I2746],[I2758]
[I2760],[I2761]
[I2762],[I2763]
[I2764],[I2765]
[I2772],[I2773]
[I2772],[I2774]
[I2772],[I2775]
[I2772],[I2776]
[I2772],[I2777]
,[I2772]
[I2779],[I2780]
[I2779],[I2781]
[I2779],[I2782]
[I2780],[I2784]
[I2780],[I2785]
[I2780],[I2786]
[I2780],[I2787]
[I2780],[I2788]
[I2784],[I2790]
[I2785],[I2792]
[I2785],[I2793]
[I2786],[I2795]
[I2786],[I2796]
[I2798],[I2799]
[I2799],[I2801]
[I2799],[I2802]
[I2803],[I2804]
[I2803],[I2806]
[I2803],[I2807]
[I2782],[I2809]
[I2782],[I2810]
[I2782],[I2811]
[I2812],[I2813]
[I2814],[I2815]
[I2814],[I2816]
[I2819],[I2820]
[I2819],[I2821]
[I2819],[I2822]
[I2819],[I2823]
[I2824],[I2825]
[I2824],[I2826]
[I2824],[I2827]
[I2824],[I2828]
[I2831],[I2832]
[I2832],[I2834]
[I2832],[I2835]
[I2832],[I2836]
[I2832],[I2837]
,[I2839]
[I2845],[I2848]
[I2865],[I1484]
[I2879],[I1246]
[I2881],[I2878]
,[I1017]
[I2100],[I2894]
[I2100],[I0871]
[I2898],[I2448]
,[I1202]
[I2912],[I0349]
[I2914],[I2915]
[I2916],[I2517]
[I2916],[I2917]
,[I2661]
,[I2664]
,[I2659]
,[I0161]
,[I1356]
,[I1406]
[I2929],[I2930]
[I2929],[I2931]
[I2929],[I2932]
,[I0821]
[I2935],[I2933]
[I2937],[I0820]
[I2939],[I2937]
[I2941],[I2939]
,[I2943]
,[I2941]
,[I2944]
[I2945],[I2946]
,[I0812]
,[I2947]
,[I2948]
,[I2942]
,[I2950]
,[I2951]
,[I2935]
[I2955],[I2953]
,[I2955]
[I0110],[I2961]
[I2962],[I2963]
[I2964],[I2966]
,[I0062]
[I2972],[I2969]
[I2977],[I2978]
[I0314],[I2981]
[I2983],[I0292]
[I0243],[I2990]
[I0243],[I2991]
[I0243],[I2992]
[I0243],[I2993]
[I0806],[I2989]
[I0806],[I3010]
[I2988],[I2986]
,[I2985]
[I2996],[I0806]
[I2996],[I2997]
[I2996],[I3009]
[I2996],[I2998]
[I2999],[I3003]
[I2999],[I3004]
[I2999],[I3005]
[I2999],[I2996]
[I2999],[I3006]
[I3000],[I2999]
,[I3000]
[I3008],[I2995]
